id,naslov,datum izdaje,razvijalci,založniki,Ocena uporabnikov,Moby ocena,Ocena kritikov,žanri,perspektiva,gameplay,interface,setting,oznaka,tip medija,vhodne naprave,večigralski načini,št. offline igralcev,št. online igralcev,cena v dolarjih
96127,Super Mario Odyssey,2017/10/27,"[('Nintendo EPD', '24437')]","[('Nintendo Co., Ltd.', '1891'), ('Shenzhen Tencent Computer System Co., Ltd.', '48667')]",4.54,9.5,96,['Action'],['Behind view'],['Platform'],['Direct control'],['Fantasy'],Everyone 10+,"['Download', 'Game Card']","['Joy-Con', 'Nintendo Switch Pro Controller', 'VR Helmet/Headset']",['Same/Split-Screen'],NG,NG,/
150689,Baldur\u0027s Gate III,2020/10/06,"[('Larian Studios NV', '3377')]","[('Larian Studios NV', '3377')]",4.47,9.4,96,['Role-playing (RPG)'],['Diagonal-down'],[],"['Multiple units/characters control', 'Point and select']",['Fantasy'],Mature,['Download'],"['Gamepad', 'Keyboard', 'Mouse']","['Internet', 'LAN', 'Same/Split-Screen']",1-2,2-4,/
84595,The Legend of Zelda: Breath of the Wild,2017/03/03,"[('Nintendo EPD', '24437')]","[('Nintendo Co., Ltd.', '1891')]",4.52,9.4,96,['Action'],['Behind view'],"['Puzzle elements', 'RPG elements', 'Sandbox / open world']","['Direct control', 'Motion control']","['Fantasy', 'Post-apocalyptic', 'Sci-fi / futuristic']",Everyone 10+,"['Download', 'Wii U Optical Disc']","['GamePad', 'Wii U Pro Controller']",[],1,NG,/
141836,Persona 5: Royal,2019/10/31,"[('Atlus Co., Ltd.', '29077')]","[('Atlus Co., Ltd.', '29077'), ('SEGA Games Co., Ltd.', '12'), ('SEGA of America, Inc.', '2747')]",4.85,9.3,95,['Role-playing (RPG)'],['Behind view'],['Japanese-style RPG (JRPG)'],"['Direct control', 'Menu structures']","['Asia', 'Contemporary', 'Fantasy']",Mature,"['Blu-Ray Disc', 'Download']",['Gamepad'],[],1,NG,/
174989,Elden Ring,2022/02/25,"[('FromSoftware, Inc.', '2348')]","[('FromSoftware, Inc.', '2348'), ('BANDAI NAMCO Entertainment Inc.', '7988')]",4.46,9.3,95,['Role-playing (RPG)'],['Behind view'],"['Action RPG', 'Hack and slash', 'Sandbox / open world']",['Direct control'],['Fantasy'],16,['Download'],"['Gamepad', 'Keyboard', 'Mouse']",['Internet'],1,2-4,/
203119,The Legend of Zelda: Tears of the Kingdom,2023/05/12,"[('Nintendo EPD', '24437')]","[('Nintendo Co., Ltd.', '1891')]",4.46,9.3,95,['Action'],['Behind view'],"['Puzzle elements', 'RPG elements', 'Sandbox / open world']",['Direct control'],['Fantasy'],Everyone 10+,"['Download', 'Game Card']","['Joy-Con', 'Nintendo Switch Pro Controller', 'Touch Screen']",[],NG,NG,/
199460,Metroid Prime: Remastered,2023/02/08,"[('Retro Studios Inc.', '3261')]","[('Nintendo Co., Ltd.', '1891')]",4.29,9.3,95,['Action'],['1st-person'],['Metroidvania'],['Direct control'],['Sci-fi / futuristic'],Teen,"['Download', 'Game Card']","['Joy-Con', 'Nintendo Switch Pro Controller', 'Touch Screen']",[],NG,NG,/
195074,God of War: Ragnar\u00f6k,2022/11/09,"[('SIE Santa Monica Studio', '6129')]","[('Sony Interactive Entertainment America LLC', '2334')]",3.92,9.2,94,['Action'],['Behind view'],"['Hack and slash', 'Puzzle elements', 'RPG elements']",['Direct control'],['Fantasy'],C (Adultos +18 Años),['Download'],[],[],1,NG,/
31282,Super Mario Galaxy,2007/11/01,"[('Nintendo EAD', '1942')]","[('Nintendo Co., Ltd.', '1891')]",4.25,9.2,96,['Action'],['Behind view'],"['Platform', 'Puzzle elements']","['Direct control', 'Motion control']","['Fantasy', 'Sci-fi / futuristic']",Everyone,['Wii Optical Disc'],"['Nunchuk', 'Wii Remote']",[],1-2,NG,/
78748,Uncharted 4: A Thief\u0027s End,2016/05/10,"[('Naughty Dog, Inc.', '1190')]","[('Sony Interactive Entertainment America LLC', '2334'), ('Sony Computer Entertainment Europe Ltd.', '1277')]",4.58,9.2,94,['Action'],['Behind view'],"['Puzzle elements', 'Shooter', 'Stealth']",[],[],Teen,"['Blu-Ray Disc', 'Download']",[],['Internet'],1,2-10,/
200900,Resident Evil 4,2023/03/24,"[('Capcom Co., Ltd.', '3955')]","[('Capcom Co., Ltd.', '3955')]",4.44,9.1,92,['Action'],['Behind view'],"['Shooter', 'Survival horror']",['Direct control'],"['Contemporary', 'Europe', 'Fantasy']",NG,[],[],[],NG,NG,/
51904,The Legend of Zelda: Ocarina of Time 3D,2011/06/16,"[('Grezzo Co., Ltd.', '17299'), ('Nintendo EAD', '1942')]","[('Nintendo Co., Ltd.', '1891')]",4.23,9.1,95,['Action'],['Behind view'],"['Metroidvania', 'Puzzle elements']",[],['Fantasy'],Everyone 10+,"['Download', 'Nintendo 3DS Game Card']",['Stylus'],[],1,NG,/
46697,Super Mario Galaxy 2,2010/05/23,"[('Nintendo EAD', '1942')]","[('Nintendo Co., Ltd.', '1891')]",4.3,9.1,97,['Action'],['3rd-person (Other)'],"['Platform', 'Puzzle elements']","['Direct control', 'Motion control']","['Fantasy', 'Sci-fi / futuristic']",Everyone,['Wii Optical Disc'],"['Nunchuk', 'Wii Remote']",[],1-2,NG,/
122190,Hades,2018/12/06,"[('Supergiant Games, Inc.', '15126')]","[('Supergiant Games, Inc.', '15126'), ('Netflix Inc.', '26326')]",4.42,9.1,94,['Role-playing (RPG)'],['Diagonal-down'],"['Action RPG', 'Hack and slash', 'Roguelike']",['Direct control'],"['Classical antiquity', 'Fantasy']",NG,[],[],[],NG,NG,/
86408,Persona 5,2016/09/15,"[('Atlus Co., Ltd.', '29077')]","[('SEGA Games Co., Ltd.', '12'), ('Atlus U.S.A., Inc.', '1971'), ('Koch Media GmbH (Austria)', '6490')]",4.11,9.1,94,['Role-playing (RPG)'],['Behind view'],['Japanese-style RPG (JRPG)'],[],"['Asia', 'Contemporary', 'Fantasy']",Mature,[],[],[],NG,NG,/
42918,Uncharted 2: Among Thieves,2009/10/13,"[('Naughty Dog, Inc.', '1190')]","[('Sony Computer Entertainment America Inc.', '2334'), ('Sony Computer Entertainment Europe Ltd.', '1277')]",4.33,9.1,95,['Action'],['Behind view'],"['Puzzle elements', 'Quick Time Events (QTEs)', 'Shooter']",[],[],Teen,['Blu-Ray Disc'],['Headset Compatible'],[],1,2-10,/
51233,Portal 2,2011/04/18,"[('Valve Corporation', '126')]","[('Valve Corporation', '126'), ('Buka Entertainment', '1392'), ('CyberFront Corporation', '1866'), ('ak tronic Software &amp; Services GmbH', '5837')]",4.36,9.1,93,"['Action', 'Puzzle']",['1st-person'],['Platform'],['Direct control'],['Sci-fi / futuristic'],Everyone 10+,"['Download', 'DVD-ROM']","['Keyboard', 'Mouse']",['Internet'],1,2,/
52872,Resident Evil 4,2005/01/11,"[('Capcom Production Studio 4', '4066')]","[('Capcom Co., Ltd.', '3955')]",4.22,9.0,96,['Action'],['Behind view'],"['Puzzle elements', 'Quick Time Events (QTEs)', 'Shooter', 'Survival horror']",[],[],Mature,[],[],[],1,NG,/
62942,Super Mario 3D World,2013/11/21,"[('Nintendo EAD', '1942')]","[('Nintendo Co., Ltd.', '1891')]",4.28,9.0,93,['Action'],['3rd-person (Other)'],['Platform'],['Direct control'],[],Everyone,"['Download', 'Wii U Optical Disc']","['Accelerometer/Gyroscope', 'GamePad', 'Nunchuk', 'Touch Screen', 'Wii Remote', 'Wii U Pro Controller']",['Same/Split-Screen'],1-4,NG,/
193990,Persona 5: Royal,2022/10/21,"[('Atlus Co., Ltd.', '29077')]","[('SEGA Corporation', '12')]",4.71,9.0,94,"['Compilation', 'Role-playing (RPG)']",['Behind view'],['Japanese-style RPG (JRPG)'],"['Direct control', 'Menu structures']","['Asia', 'Contemporary', 'Fantasy']",16,['Download'],"['Gamepad', 'Keyboard', 'Mouse']",[],1,NG,/
70372,Bayonetta 2,2014/09/24,"[('Platinum Games Inc.', '10323')]","[('Nintendo Co., Ltd.', '1891')]",4.44,9.0,92,['Action'],['Behind view'],['Hack and slash'],['Direct control'],['Fantasy'],Mature,"['Download', 'Wii U Optical Disc']","['Classic Controller', 'GamePad', 'Touch Screen', 'Wii Remote', 'Wii U Pro Controller']",['Internet'],1,2,/
59294,Persona 4 Golden,2012/06/14,"[('Index Corporation', '20199')]","[('Index Corporation', '20199'), ('Index Digital Media, Inc.', '1971'), ('SEGA Corporation', '12'), ('SEGA of America, Inc.', '2747')]",4.43,9.0,93,['Role-playing (RPG)'],['3rd-person (Other)'],[],[],['Fantasy'],Mature,['PS Vita Card'],['Touch Screen'],[],1,NG,/
50427,Mass Effect 2,2011/01/18,"[('BioWare Edmonton', '885')]","[('Electronic Arts, Inc.', '2'), ('ak tronic Software &amp; Services GmbH', '5837')]",4.25,9.0,93,"['Compilation', 'Role-playing (RPG)']","['3rd-person (Other)', 'Behind view']","['Action RPG', 'Shooter']",['Direct control'],['Sci-fi / futuristic'],Mature,['Blu-Ray Disc'],[],[],1,NG,/
115902,Red Dead Redemption II,2018/10/26,"[('Rockstar Games Toronto ULC', '48'), ('Rockstar Interactive India LLP', '34540'), ('Rockstar Leeds Ltd.', '3489'), ('Rockstar New England', '2606'), ('Rockstar North Ltd.', '146'), ('Rockstar San Diego, Inc.', '188'), ('Rockstar London Ltd.', '7189')]","[('Rockstar Games, Inc.', '1096')]",4.27,9.0,94,['Action'],"['1st-person', 'Behind view']","['Gambling elements', 'Sandbox / open world']",['Direct control'],"['North America', 'Western']",18,[],[],[],NG,NG,/
217980,Balatro,2024/02/20,"[('LocalThunk Inc.', '58841')]","[('PlayStack Limited', '28103')]",4.5,9.0,92,['Strategy / tactics'],"['1st-person', 'Top-down']","['Cards / tiles', 'Roguelike']",['Point and select'],[],NG,[],[],[],NG,NG,/
87551,Mario Kart 8 Deluxe,2017/04/28,"[('Nintendo EAD', '1942')]","[('Nintendo Co., Ltd.', '1891'), ('Shenzhen Tencent Computer System Co., Ltd.', '48667')]",4.53,9.0,92,['Racing / Driving'],['Behind view'],['Arcade'],"['Direct control', 'Motion control']",['Fantasy'],Everyone,"['Download', 'Game Card']","['Joy-Con', 'Motion sensor', 'Nintendo Switch Pro Controller']",['Internet'],NG,2-12,/
216560,Like a Dragon: Infinite Wealth,2024/01/25,"[('Ryu ga Gotoku Studio', '18183')]","[('SEGA Corporation', '12'), ('SEGA of America, Inc.', '2747')]",4.86,9.0,91,['Action'],['Behind view'],['Mini-games'],['Direct control'],"['Japan (Modern/Futuristic)', 'North America']",18,['Download'],"['Gamepad', 'Keyboard', 'Mouse']",[],1,NG,/
52226,Xenoblade Chronicles,2010/06/10,"[('Monolith Software, Inc.', '3036')]","[('Nintendo Co., Ltd.', '1891'), ('Nintendo of Europe GmbH', '6063'), ('Nintendo of America Inc.', '6034')]",4.37,9.0,91,['Role-playing (RPG)'],['3rd-person (Other)'],"['Action RPG', 'Japanese-style RPG (JRPG)', 'Sandbox / open world']",[],['Fantasy'],Teen,['Wii Optical Disc'],"['Classic Controller', 'Nunchuk', 'Wii Remote']",[],1,NG,/
24246,\u014ckami,2006/04/20,"[('Clover Studio Co., Ltd.', '5610')]","[('Capcom Co., Ltd.', '3955')]",4.25,9.0,92,['Action'],['Behind view'],"['Metroidvania', 'Puzzle elements']",['Direct control'],"['Fantasy', 'Japan (Ancient/Classical/Medieval)']",Teen,['DVD-ROM'],[],[],1,NG,/
73001,The Witcher 3: Wild Hunt,2015/05/18,"[('CD Projekt RED', '10445')]","[('CD Projekt S.A.', '51546'), ('CD Projekt RED', '10445')]",4.29,9.0,93,['Role-playing (RPG)'],['Behind view'],['Action RPG'],[],['Fantasy'],Mature,"['Download', 'DVD-ROM']","['Gamepad', 'Keyboard', 'Mouse']",[],1,NG,/
107419,God of War,2018/04/20,"[('SIE Santa Monica Studio', '6129')]","[('Sony Computer Entertainment America Inc.', '2334'), ('Playstation PC LLC', '47447')]",4.33,8.9,93,['Action'],['Behind view'],"['Hack and slash', 'Puzzle elements', 'RPG elements']",['Direct control'],['Fantasy'],Mature,['Blu-Ray Disc'],[],[],1,NG,/
203910,Street Fighter 6,2023/06/02,"[('Capcom Co., Ltd.', '3955')]","[('Capcom Co., Ltd.', '3955')]",2.89,8.9,91,['Action'],"['Behind view', 'Side view']",['Fighting'],['Direct control'],['Contemporary'],Teen,['Download'],"['Gamepad', 'Keyboard', 'Mouse']","['Internet', 'Same/Split-Screen']",1-2,2-16,/
55403,Batman: Arkham City,2011/10/18,"[('Rocksteady Studios Ltd', '8364')]","[('Warner Bros. Interactive Entertainment Inc.', '814'), ('ak tronic Software &amp; Services GmbH', '5837')]",4.38,8.9,93,['Action'],['Behind view'],"['Beat &#39;em up / brawler', 'Metroidvania', 'Stealth']",[],"['Contemporary', 'North America']",16,['DVD-ROM'],[],[],1,NG,/
30577,The Orange Box,2007,"[('Valve Corporation', '126')]","[('Valve Corporation', '126'), ('Buka Entertainment', '1392'), ('CyberFront Corporation', '1866'), ('Electronic Arts, Inc.', '2'), ('ak tronic Software &amp; Services GmbH', '5837')]",4.25,8.9,93,['Compilation'],[],[],[],[],Mature,"['Download', 'DVD-ROM']","['Keyboard', 'Mouse']","['Internet', 'LAN']",1-4,2-24,/
210462,Super Mario Bros. Wonder,2023/10/20,"[('Nintendo EPD', '24437')]","[('Nintendo Co., Ltd.', '1891')]",4.57,8.9,90,['Action'],['Side view'],['Platform'],['Direct control'],['Fantasy'],Everyone,"['Download', 'Game Card']","['Joy-Con', 'Nintendo Switch Pro Controller', 'Touch Screen']",[],NG,4,/
120555,Resident Evil 2,2019/01/25,"[('Capcom Co., Ltd.', '3955')]","[('Capcom Co., Ltd.', '3955')]",4.39,8.9,93,['Action'],['Behind view'],"['Puzzle elements', 'Shooter', 'Survival horror']",['Direct control'],"['Contemporary', 'North America']",18 (keine Jugendfreigabe),['DVD-ROM'],[],[],NG,NG,/
46614,Red Dead Redemption,2010/05/18,"[('Rockstar San Diego, Inc.', '188')]","[('Rockstar Games, Inc.', '1096'), ('ak tronic Software &amp; Services GmbH', '5837')]",4.27,8.9,93,['Action'],['Behind view'],"['Sandbox / open world', 'Shooter']",['Direct control'],"['North America', 'Western']",Mature,"['Download', 'DVD-ROM']",[],[],1,2-16,/
141485,Final Fantasy VII: Remake,2020/04/10,"[('Square Enix Co., Ltd.', '3613')]","[('Square Enix, Inc.', '5152'), ('Square Enix Limited', '5941'), ('Square Enix Co., Ltd.', '3613')]",4.52,8.9,91,['Role-playing (RPG)'],['3rd-person (Other)'],['Japanese-style RPG (JRPG)'],['Direct control'],['Fantasy'],Teen,['Download'],['Gamepad'],[],1,NG,/
218917,Final Fantasy VII: Rebirth,2024/02/29,"[('Square Enix Creative Business Unit I', '43377')]","[('Square Enix Co., Ltd.', '3613')]",4.75,8.9,90,['Role-playing (RPG)'],['3rd-person (Other)'],['Japanese-style RPG (JRPG)'],['Direct control'],['Fantasy'],Teen,[],[],[],NG,NG,/
115729,Tetris Effect,2018/11/09,"[('Resonair Inc.', '29256'), ('Monstars Inc.', '25898'), ('Stage Games Inc.', '46718')]","[('Enhance Experience Inc.', '25897'), ('Sony Interactive Entertainment America LLC', '2334')]",4.26,8.9,92,"['Action', 'Puzzle']",['Side view'],['Falling block puzzle'],['Direct control'],[],NG,[],[],[],NG,NG,/
110476,Super Smash Bros. Ultimate,2018/12/07,"[('Sora Ltd.', '8050'), ('BANDAI NAMCO Studios Inc.', '22913')]","[('Nintendo Co., Ltd.', '1891')]",4.35,8.9,93,['Action'],['Side view'],['Fighting'],[],[],Everyone 10+,"['Download', 'Game Card']","['Joy-Con', 'Nintendo Switch Pro Controller']","['Internet', 'Same/Split-Screen']",NG,4,/
27089,God of War II,2007,"[('SCE Studio Santa Monica', '6129')]","[('Sony Computer Entertainment Europe Ltd.', '1277'), ('Sony Computer Entertainment America Inc.', '2334'), ('ak tronic Software &amp; Services GmbH', '5837'), ('Sony Computer Entertainment Japan', '6130')]",4.16,8.9,93,['Action'],['Behind view'],"['Hack and slash', 'Puzzle elements', 'Quick Time Events (QTEs)']",[],"['Classical antiquity', 'Fantasy']",Mature,['DVD-ROM'],[],[],1,NG,/
38697,Gears of War 2,2008/11/07,"[('Epic Games, Inc.', '154')]","[('Microsoft Corporation', '13596')]",3.65,8.9,93,['Action'],['Behind view'],['Shooter'],[],['Sci-fi / futuristic'],Mature,"['Download', 'DVD-ROM']",['Communicator Headset'],[],1-2,2-10,/
84194,Hollow Knight,2017/02/24,"[('Team Cherry', '27035')]","[('Team Cherry', '27035')]",4.59,8.9,91,['Action'],['Side view'],"['Metroidvania', 'Platform']",['Direct control'],['Fantasy'],NG,['Download'],['Gamepad'],[],1,NG,/
24117,Company of Heroes,2006/09/12,"[('Relic Entertainment Inc', '278')]","[('THQ Inc.', '69'), ('Buka Entertainment', '1392'), ('ak tronic Software &amp; Services GmbH', '5837'), ('SEGA Corporation', '12'), ('Feral Interactive Ltd.', '7849')]",4.03,8.9,93,['Strategy / tactics'],['Diagonal-down'],['Real-time strategy (RTS)'],"['Multiple units/characters control', 'Point and select']","['Europe', 'Historical events', 'World War II']",Mature,"['CD-ROM', 'Download', 'DVD-ROM']","['Keyboard', 'Mouse']","['Internet', 'LAN']",1,2-8,/
33397,God of War: Chains of Olympus,2008/03/04,"[('Ready at Dawn Studios, LLC', '7657')]","[('Sony Computer Entertainment America Inc.', '2334'), ('Sony Computer Entertainment Europe Ltd.', '1277'), ('Sony Computer Entertainment Japan', '6130')]",4.07,8.9,91,['Action'],['Behind view'],"['Hack and slash', 'Quick Time Events (QTEs)']",['Direct control'],"['Classical antiquity', 'Fantasy']",Mature,"['Download', 'UMD']",[],[],1,NG,/
18696,Forza Motorsport,2005/05/03,"[('Turn 10 Studios', '9642')]","[('Microsoft Corporation', '13596')]",3.93,8.9,92,['Racing / Driving'],"['1st-person', 'Diagonal-down']",[],['Direct control'],[],Everyone,['DVD-ROM'],"['Communicator Headset', 'Racing/Steering Wheel']",[],1-2,2-8,/
22361,Ninja Gaiden Black,2005/09/20,"[('Team Ninja', '3419')]","[('Tecmo, Inc.', '7009'), ('Tecmo, Ltd.', '1460'), ('Microsoft Corporation', '13596')]",4.09,8.9,94,['Action'],['Behind view'],"['Hack and slash', 'Puzzle elements']",[],[],Mature,[],[],[],1,NG,/
60922,The Last of Us,2013/06/14,"[('Naughty Dog, Inc.', '1190')]","[('Sony Computer Entertainment America LLC', '2334'), ('Sony Computer Entertainment Europe Ltd.', '1277'), ('Sony Computer Entertainment Inc.', '2482')]",4.32,8.9,92,['Action'],['Behind view'],"['Quick Time Events (QTEs)', 'Shooter', 'Stealth', 'Survival horror']",['Direct control'],['Post-apocalyptic'],Mature,['Blu-Ray Disc'],['Headset Compatible'],['Internet'],1,2-8,/
216563,Tekken 8,2024/01/25,"[('BANDAI NAMCO Studios Inc.', '22913'), ('Arika Co., Ltd.', '1995')]","[('BANDAI NAMCO Entertainment America Inc.', '7989')]",3.4,8.9,91,['Action'],['Side view'],['Fighting'],['Direct control'],[],16,[],[],[],NG,NG,/
59026,Guild Wars 2,2012/08/28,"[('ArenaNet, LLC', '6354')]","[('NCsoft Corporation', '2795')]",4.22,8.9,90,['Role-playing (RPG)'],['Behind view'],"['Action RPG', 'Massively Multiplayer']",['Direct control'],['Fantasy'],12,"['Download', 'DVD-ROM']","['Keyboard', 'Mouse']",['Internet'],NG,NG,/
25103,The Legend of Zelda: Twilight Princess,2006/11/19,"[('Nintendo EAD', '1942')]","[('Nintendo Co., Ltd.', '1891')]",4.1,8.9,93,['Action'],['Behind view'],"['Metroidvania', 'Puzzle elements']","['Direct control', 'Motion control']","['Fantasy', 'Medieval']",Teen,['Wii Optical Disc'],"['Nunchuk', 'Wii Remote']",[],1,NG,/
55167,Journey,2012/03/13,"[('thatgamecompany, LLC', '10022')]","[('Sony Computer Entertainment America LLC', '2334'), ('Sony Computer Entertainment Europe Ltd.', '1277'), ('Sony Interactive Entertainment Inc.', '2482'), ('Sony Computer Entertainment (Shanghai) Co., Ltd.', '32074'), ('Annapurna Games, LLC', '27820')]",4.0,8.9,92,['Action'],['Behind view'],['Platform'],['Direct control'],['Fantasy'],Everyone,['Download'],[],[],1,2,/
95966,Divinity: Original Sin II,2016/09/15,"[('Larian Studios NV', '3377')]","[('Larian Studios NV', '3377'), ('BANDAI NAMCO Entertainment Europe S.A.S.', '10420'), ('Spike Chunsoft Co., Ltd.', '5133')]",4.32,8.9,92,['Role-playing (RPG)'],['Diagonal-down'],[],['Point and select'],['Fantasy'],18,['Download'],"['Gamepad', 'Keyboard', 'Mouse']","['Internet', 'LAN', 'Same/Split-Screen']",1-4,2-4,/
37535,LittleBigPlanet,2008/10/27,"[('Media Molecule Ltd.', '11459')]","[('Sony Computer Entertainment America Inc.', '2334'), ('Sony Computer Entertainment Inc.', '2482'), ('Sony Computer Entertainment Europe Ltd.', '1277'), ('ak tronic Software &amp; Services GmbH', '5837')]",3.89,8.9,93,['Action'],['Side view'],"['Platform', 'Puzzle elements']",['Direct control'],['Fantasy'],Everyone,['Blu-Ray Disc'],"['Camera', 'Headset Compatible']",[],1-4,4,/
42180,Metroid Prime Trilogy,2009/08/24,"[('Retro Studios Inc.', '3261')]","[('Nintendo Co., Ltd.', '1891')]",4.7,8.8,90,"['Action', 'Compilation']",['1st-person'],['Shooter'],"['Direct control', 'Motion control']",['Sci-fi / futuristic'],Teen,['Wii Optical Disc'],"['Nunchuk', 'Wii Remote']",[],1-4,NG,/
72089,Bloodborne,2015/03/24,"[('FromSoftware, Inc.', '2348')]","[('Sony Computer Entertainment America LLC', '2334'), ('Sony Interactive Entertainment Inc.', '2482')]",4.46,8.8,93,['Role-playing (RPG)'],['Behind view'],"['Action RPG', 'Hack and slash']",['Direct control'],['Fantasy'],Mature,"['Blu-Ray Disc', 'Download']",[],['Internet'],1,2-3,/
42258,Batman: Arkham Asylum,2009,"[('Rocksteady Studios Ltd', '8364')]","[('Eidos Interactive Limited', '5941'), ('Square Enix Co., Ltd.', '3613'), ('Feral Interactive Ltd.', '7849')]",4.26,8.8,92,['Action'],['Behind view'],"['Metroidvania', 'Stealth']",['Direct control'],"['Contemporary', 'Fantasy', 'North America']",Teen,"['Download', 'DVD-ROM']","['Keyboard', 'Mouse', 'Other Input Devices']",[],1,NG,/
25761,Gears of War,2006/11/07,"[('Epic Games, Inc.', '154')]","[('Microsoft Corporation', '13596')]",3.69,8.8,94,['Action'],['Behind view'],['Shooter'],[],['Sci-fi / futuristic'],Mature,"['Download', 'DVD-ROM']",[],[],1-2,2-8,/
33378,Super Smash Bros. Brawl,2008/01/31,"[('Sora Ltd.', '8050'), ('Game Arts Co., Ltd.', '29')]","[('Nintendo Co., Ltd.', '1891')]",4.1,8.8,92,['Action'],['Side view'],['Fighting'],[],[],Teen,['Wii Optical Disc'],"['Classic Controller', 'Nunchuk', 'Wii Remote']","['Internet', 'Same/Split-Screen']",4,4,/
62275,Grand Theft Auto V,2013/09/17,"[('Rockstar North Ltd.', '146')]","[('Rockstar Games, Inc.', '1096')]",4.15,8.8,93,"['Action', 'Racing / Driving']","['1st-person', 'Behind view']","['Sandbox / open world', 'Shooter']",['Direct control'],['Contemporary'],Mature,"['Blu-Ray Disc', 'Download']",[],[],1,2-16,/
62785,The Legend of Zelda: A Link Between Worlds,2013/11/22,"[('Nintendo EAD', '1942')]","[('Nintendo Co., Ltd.', '1891')]",4.51,8.8,91,['Action'],['Diagonal-down'],"['Metroidvania', 'Puzzle elements']",['Direct control'],['Fantasy'],Everyone,"['Download', 'Nintendo 3DS Game Card']",[],[],1,NG,/
67674,The Last of Us: Remastered,2014/07/29,"[('Naughty Dog, Inc.', '1190')]","[('Sony Computer Entertainment America LLC', '2334'), ('Sony Computer Entertainment Europe Ltd.', '1277'), ('Sony Computer Entertainment Inc.', '2482'), ('SCE Worldwide Studios', '7487')]",4.07,8.8,94,"['Action', 'Compilation']",['Behind view'],"['Quick Time Events (QTEs)', 'Shooter', 'Stealth', 'Survival horror']",['Direct control'],['Post-apocalyptic'],Mature,"['Blu-Ray Disc', 'Download']",[],['Internet'],1,2-8,/
64620,Rayman Legends,2013/08/30,"[('Ubisoft SARL', '6245'), ('Ubisoft Montpellier SAS', '2620')]","[('Ubisoft Entertainment SA', '1518'), ('ak tronic Software &amp; Services GmbH', '5837'), ('Bihan Internet Technology', '23216')]",4.33,8.8,91,['Action'],['Side view'],"['Mini-games', 'Platform']",[],[],7,"['Download', 'DVD-ROM']",['Keyboard'],['Same/Split-Screen'],1-4,NG,/
11216,Project Gotham Racing 2,2003,"[('Bizarre Creations, Ltd.', '78')]","[('Microsoft Corporation', '13596')]",3.74,8.8,93,['Racing / Driving'],"['1st-person', 'Behind view']",[],['Direct control'],[],Everyone,['DVD-ROM'],['Racing/Steering Wheel'],[],1-4,2-8,/
34773,Metal Gear Solid 4: Guns of the Patriots,2008/06/12,"[('Kojima Productions Co., Ltd.', '6811')]","[('Konami Digital Entertainment GmbH', '4351'), ('Konami Digital Entertainment, Inc.', '4353'), ('Konami Digital Entertainment Co., Ltd.', '10359')]",3.92,8.8,93,['Action'],"['1st-person', 'Behind view']","['Shooter', 'Stealth']",['Direct control'],['Contemporary'],Mature,['Blu-Ray Disc'],['Headset Compatible'],[],1,2-16,/
174940,Forza Horizon 5,2021/11/09,"[('Playground Games Ltd', '17663')]","[('Microsoft Corporation', '13596')]",4.36,8.8,94,['Racing / Driving'],"['1st-person', 'Behind view']",[],['Direct control'],"['Contemporary', 'North America']",NG,[],[],[],NG,NG,/
161320,It Takes Two,2021/03/26,"[('Hazelight Studios AB', '32296')]","[('Electronic Arts, Inc.', '2')]",4.54,8.8,89,['Action'],"['Behind view', 'Side view']","['Mini-games', 'Platform', 'Puzzle elements']",['Direct control'],"['Contemporary', 'Fantasy']",12,[],[],[],NG,NG,/
143668,Half-Life: Alyx,2020/03/23,"[('Valve Corporation', '126')]","[('Valve Corporation', '126')]",4.33,8.8,94,['Action'],['1st-person'],"['Puzzle elements', 'Shooter']","['Direct control', 'Motion control']","['Post-apocalyptic', 'Sci-fi / futuristic']",NG,['Download'],[],[],1,NG,/
7783,Metroid Prime,2002/11/18,"[('Retro Studios Inc.', '3261')]","[('Nintendo Co., Ltd.', '1891')]",4.14,8.8,96,['Action'],['1st-person'],"['Metroidvania', 'Shooter']",['Direct control'],['Sci-fi / futuristic'],Teen,[],['Game Boy Advance Compatible'],[],1,NG,/
29294,Forza Motorsport 2,2007/05/15,"[('Turn 10 Studios', '9642')]","[('Microsoft Corporation', '13596'), ('ak tronic Software &amp; Services GmbH', '5837')]",4.01,8.8,90,['Racing / Driving'],"['1st-person', 'Behind view']",[],['Direct control'],['Contemporary'],Everyone,['DVD-ROM'],['Racing/Steering Wheel'],[],1-2,2-8,/
21633,Metal Gear Solid 3: Subsistence,2005/12/22,"[('Kojima Productions Co., Ltd.', '6811')]","[('Konami Corporation', '99'), ('Konami Digital Entertainment, Inc.', '4353'), ('Konami Digital Entertainment Co., Ltd.', '10359')]",4.11,8.8,92,['Action'],"['1st-person', 'Behind view']","['Shooter', 'Stealth']",['Direct control'],['Cold War'],Mature,['DVD-ROM'],['Microphone'],[],1,2-8,/
52057,Total War: Shogun 2,2011/02/10,"[('Creative Assembly Ltd., The', '1477')]","[('1C-SoftClub', '6944'), ('SEGA Europe Ltd.', '3967'), ('Feral Interactive Ltd.', '7849'), ('ak tronic Software &amp; Services GmbH', '5837')]",4.1,8.8,89,['Strategy / tactics'],['Diagonal-down'],"['Real-time tactics (RTT)', 'Turn-based strategy (TBS)']","['Multiple units/characters control', 'Point and select']","['Historical events', 'Japan (Ancient/Classical/Medieval)']",16,"['Download', 'DVD-ROM']","['Keyboard', 'Mouse']","['Internet', 'LAN']",1-8,2-8,/
210733,Marvel Spider-Man 2,2023/10/19,"[('Insomniac Games, Inc.', '1981')]","[('Sony Interactive Entertainment Inc.', '2482'), ('Sony Interactive Entertainment Europe Ltd.', '1277'), ('Sony Interactive Entertainment America LLC', '2334')]",4.25,8.8,90,['Action'],['Behind view'],['Sandbox / open world'],['Direct control'],"['Fantasy', 'North America']",Teen,"['Download', 'UHD Blu-ray Disc']",['Gamepad'],[],1,NG,/
188601,Xenoblade Chronicles 3,2022/07/29,"[('Monolith Software, Inc.', '3036')]","[('Nintendo of America Inc.', '6034'), ('Nintendo Co., Ltd.', '1891')]",4.67,8.8,91,['Role-playing (RPG)'],['3rd-person (Other)'],"['Action RPG', 'Japanese-style RPG (JRPG)', 'Sandbox / open world']",[],['Fantasy'],Teen,"['Download', 'Game Card']","['Joy-Con', 'Nintendo Switch Pro Controller', 'Touch Screen']",[],NG,NG,/
47486,StarCraft II: Wings of Liberty,2010/07/26,"[('Blizzard Entertainment Inc.', '21')]","[('Blizzard Entertainment Inc.', '21')]",4.16,8.8,92,['Strategy / tactics'],['Diagonal-down'],"['RPG elements', 'Real-time strategy (RTS)']","['Multiple units/characters control', 'Point and select']",['Sci-fi / futuristic'],Teen,"['Download', 'DVD-ROM']",['Keyboard'],['Internet'],1,2-8,/
45664,God of War III,2010,"[('SCE Studio Santa Monica', '6129')]","[('Sony Computer Entertainment Europe Ltd.', '1277'), ('Sony Computer Entertainment America Inc.', '2334'), ('Sony Interactive Entertainment Inc.', '2482')]",4.2,8.8,92,['Action'],['Behind view'],"['Hack and slash', 'Puzzle elements', 'Quick Time Events (QTEs)']",[],"['Classical antiquity', 'Fantasy']",Mature,['Blu-Ray Disc'],[],[],1,NG,/
149407,Microsoft Flight Simulator,2020/08/18,"[('Asobo Studio S.A.R.L.', '5191')]","[('Microsoft Corporation', '13596')]",2.39,8.8,94,['Simulation'],"['1st-person', '3rd-person (Other)']",[],['Direct control'],[],Everyone,['Download'],"['Gamepad', 'Keyboard', 'Mouse']",[],NG,NG,/
113066,Marvel Spider-Man,2018/09/07,"[('Insomniac Games, Inc.', '1981')]","[('Sony Interactive Entertainment America LLC', '2334'), ('Sony Interactive Entertainment Europe Ltd.', '1277')]",4.37,8.8,90,['Action'],['Behind view'],"['Quick Time Events (QTEs)', 'Sandbox / open world', 'Stealth']",['Direct control'],"['Fantasy', 'North America']",Teen,"['Blu-Ray Disc', 'Download']",['Gamepad'],[],1,NG,/
42472,The Beatles: Rock Band,2009/09/09,"[('Harmonix Music Systems, Inc.', '2757')]","[('MTV Games', '9343')]",4.3,8.8,89,"['Action', 'Simulation']",['3rd-person (Other)'],['Music / rhythm'],['Direct control'],[],Teen,"['Download', 'DVD-ROM']","['Communicator Headset', 'Drum Controller - 4 Pads', 'Guitar Controller', 'Microphone']",[],1-6,6,/
101142,Celeste,2018/01/25,"[('Matt Makes Games Inc.', '21433')]","[('Matt Makes Games Inc.', '21433'), ('8-4, Ltd.', '9948'), ('Limited Run Games, Inc.', '28303'), ('Flyhigh Works Co., Ltd.', '21450')]",4.4,8.8,91,['Action'],['Side view'],['Platform'],['Direct control'],['Fantasy'],NG,['Download'],"['Gamepad', 'Keyboard', 'Mouse']",[],1,NG,/
39411,Rock Band 2,2008/09/14,"[('Harmonix Music Systems, Inc.', '2757')]","[('MTV Games', '9343')]",3.99,8.8,91,"['Action', 'Simulation']",['3rd-person (Other)'],['Music / rhythm'],[],[],Teen,['DVD-ROM'],"['Drum Controller - 4 Pads', 'Guitar Controller', 'Microphone']",[],1-4,4,/
24865,Guitar Hero II,2006/11/07,"[('Harmonix Music Systems, Inc.', '2757')]","[('Activision Publishing, Inc.', '25'), ('RedOctane, Inc.', '7025')]",3.86,8.8,92,['Action'],['3rd-person (Other)'],['Music / rhythm'],[],[],Teen,['DVD-ROM'],"['Gamepad', 'Guitar Controller']",['Same/Split-Screen'],1-2,NG,/
52918,Gears of War 3,2011/09/20,"[('Epic Games, Inc.', '154')]","[('Microsoft Corporation', '13596'), ('ak tronic Software &amp; Services GmbH', '5837')]",4.11,8.8,92,['Action'],['Behind view'],['Shooter'],[],['Sci-fi / futuristic'],Mature,['DVD-ROM'],['Communicator Headset'],"['Internet', 'Same/Split-Screen']",1-2,2-10,/
6627,Super Metroid,1994,"[('Intelligent Systems Co., Ltd.', '2605'), ('Nintendo R&amp;D1', '5595')]","[('Nintendo Co., Ltd.', '1891')]",4.33,8.8,93,['Action'],['Side view'],"['Metroidvania', 'Platform', 'Shooter']",[],['Sci-fi / futuristic'],Kids to Adults,[],[],[],NG,NG,/
19812,Guitar Hero,2005/11/01,"[('Harmonix Music Systems, Inc.', '2757')]","[('RedOctane, Inc.', '7025')]",3.96,8.8,92,"['Action', 'Simulation']",['3rd-person (Other)'],['Music / rhythm'],[],[],Teen,['DVD-ROM'],"['Gamepad', 'Guitar Controller']",[],1-2,NG,/
56174,Batman: Arkham City - Game of the Year Edition,2012,"[('Rocksteady Studios Ltd', '8364')]","[('Warner Bros. Interactive Entertainment Inc.', '814'), ('Feral Interactive Ltd.', '7849')]",4.68,8.8,n/a,"['Compilation', 'Special edition']",[],[],[],[],16,"['Download', 'DVD-ROM']",['Other Input Devices'],[],NG,NG,/
21652,Tom Clancy\u0027s Ghost Recon: Advanced Warfighter,2006,"[('Red Storm Entertainment, Inc.', '93'), ('Ubi Studios SL', '6247'), ('Ubisoft Paris Studios SARL', '4310'), ('Tiwak SAS', '7692')]","[('Ubisoft Entertainment SA', '1518')]",3.83,8.8,90,['Action'],"['1st-person', 'Behind view']",['Shooter'],[],[],Teen,['DVD-ROM'],[],[],1-4,2-16,/
170037,Psychonauts 2,2021/08/24,"[('Double Fine Productions, Inc.', '6201')]","[('Microsoft Corporation', '13596')]",4.12,8.8,89,['Action'],"['3rd-person (Other)', 'Behind view']","['Platform', 'Puzzle elements']",['Direct control'],['Sci-fi / futuristic'],NG,[],[],[],NG,NG,/
194057,Dave the Diver,2022/10/27,"[('MINTROCKET', '51851')]","[('MINTROCKET', '51851'), ('Nexon Co., Ltd.', '22995')]",4.5,8.8,90,"['Action', 'Simulation']",['Side view'],['Managerial / business simulation'],"['Direct control', 'Menu structures']",[],NG,['Download'],"['Gamepad', 'Keyboard', 'Mouse']",[],1,NG,/
39788,Grand Theft Auto: Chinatown Wars,2009,"[('Rockstar Leeds Ltd.', '3489'), ('Rockstar North Ltd.', '146')]","[('Rockstar Games, Inc.', '1096'), ('CyberFront Corporation', '1866')]",3.25,8.8,94,"['Action', 'Racing / Driving']",['Top-down'],['Shooter'],['Direct control'],['North America'],Mature,[],"['DS Microphone/Headset', 'Stylus']",[],1,NG,/
198497,Hi-Fi Rush,2023/01/25,"[('Tango Gameworks', '18380')]","[('Bethesda Softworks LLC', '171')]",4.64,8.8,89,['Action'],['Behind view'],['Music / rhythm'],['Direct control'],['Fantasy'],12,['Download'],"['Gamepad', 'Keyboard', 'Mouse']",[],1,NG,/
78064,Odin Sphere: Leifthrasir,2016/01/14,"[('Vanillaware Ltd.', '9703')]","[('Atlus Co., Ltd.', '29077')]",5.0,8.8,88,['Action'],['Side view'],"['Beat &#39;em up / brawler', 'RPG elements']",[],['Fantasy'],NG,[],[],[],NG,NG,/
10162,Virtua Fighter 4: Evolution,2002,"[('SEGA-AM2 Co., LTD.', '2156')]","[('SEGA Corporation', '12'), ('SEGA Europe Ltd.', '3967'), ('SEGA of America, Inc.', '2747')]",4.12,8.8,91,['Action'],['3rd-person (Other)'],"['Arcade', 'Fighting']",[],[],NG,[],[],[],NG,NG,/
77737,Dark Souls III,2016/03/24,"[('FromSoftware, Inc.', '2348')]","[('FromSoftware, Inc.', '2348'), ('BANDAI NAMCO Entertainment Inc.', '7988')]",4.4,8.8,90,['Role-playing (RPG)'],['Behind view'],"['Action RPG', 'Hack and slash']",['Direct control'],['Fantasy'],16,"['Blu-Ray Disc', 'Download']",[],['Internet'],1,NG,/
53708,The Legend of Zelda: Skyward Sword,2011,"[('Nintendo EAD', '1942')]","[('Nintendo Co., Ltd.', '1891')]",3.97,8.8,91,['Action'],"['1st-person', 'Behind view']","['Metroidvania', 'Puzzle elements']","['Direct control', 'Motion control']",['Fantasy'],Everyone 10+,['Wii Optical Disc'],"['Nunchuk', 'Wii MotionPlus', 'Wii Remote']",[],1,NG,/
30479,Halo 3,2007,"[('Bungie Studios', '110')]","[('Microsoft Corporation', '13596'), ('ak tronic Software &amp; Services GmbH', '5837')]",3.76,8.8,92,['Action'],"['1st-person', 'Behind view']",['Shooter'],['Direct control'],['Sci-fi / futuristic'],Mature,"['Download', 'DVD-ROM']",['Communicator Headset'],[],1-4,2-16,/
190774,The Last of Us: Part I,2022/09/02,"[('Naughty Dog, Inc.', '1190')]","[('Sony Interactive Entertainment Europe Ltd.', '1277'), ('Sony Interactive Entertainment America LLC', '2334'), ('Playstation PC LLC', '47447')]",4.55,8.8,88,['Action'],['Behind view'],"['Quick Time Events (QTEs)', 'RPG elements', 'Stealth']",['Direct control'],"['Fantasy', 'North America', 'Post-apocalyptic']",Mature,"['Download', 'UHD Blu-ray Disc']",['Gamepad'],[],1,NG,/
44900,Mass Effect 2,2010/01/26,"[('BioWare Edmonton', '885')]","[('Electronic Arts, Inc.', '2'), ('ak tronic Software &amp; Services GmbH', '5837')]",4.26,8.8,92,['Role-playing (RPG)'],['Behind view'],"['Action RPG', 'Quick Time Events (QTEs)', 'Shooter']",['Direct control'],['Sci-fi / futuristic'],Mature,"['Download', 'DVD-ROM']","['Keyboard', 'Mouse']",[],1,NG,/
53511,Super Mario 3D Land,2011/11/03,"[('Nintendo EAD', '1942')]","[('Nintendo Co., Ltd.', '1891')]",4.08,8.7,90,['Action'],['Side view'],['Platform'],['Direct control'],['Fantasy'],Everyone,['Nintendo 3DS Game Card'],['Stylus'],[],1,NG,/
40888,Killzone 2,2009/02/25,"[('Guerrilla B.V.', '3312')]","[('Sony Computer Entertainment Europe Ltd.', '1277'), ('Sony Computer Entertainment America Inc.', '2334'), ('Sony Computer Entertainment Inc.', '2482'), ('ak tronic Software &amp; Services GmbH', '5837')]",3.87,8.7,91,['Action'],['1st-person'],['Shooter'],[],['Sci-fi / futuristic'],Mature,['Blu-Ray Disc'],['Headset Compatible'],[],1,32,/
172841,Metroid Dread,2021/10/08,"[('Mercury Steam Entertainment S.L.', '5615'), ('Nintendo EPD', '24437')]","[('Nintendo Co., Ltd.', '1891')]",4.41,8.7,89,['Action'],['Side view'],"['Metroidvania', 'Platform', 'Shooter']",['Direct control'],['Sci-fi / futuristic'],Teen,"['Download', 'Game Card']","['Joy-Con', 'Nintendo Switch Pro Controller']",[],NG,NG,/
20162,Osu! Tatakae! Ouendan,2005/07/28,"[('iNiS corporation', '7114')]","[('Nintendo Co., Ltd.', '1891')]",4.58,8.7,89,['Action'],[],['Music / rhythm'],[],[],All Ages,[],['Stylus'],[],1,NG,/
19412,Castlevania: Dawn of Sorrow,2005/08/25,"[('Konami TYO', '2014')]","[('Konami Corporation', '99'), ('Konami Digital Entertainment GmbH', '4351'), ('Konami Digital Entertainment, Inc.', '4353')]",4.14,8.7,90,"['Action', 'Role-playing (RPG)']",['Side view'],"['Metroidvania', 'Platform', 'Puzzle elements', 'Shooter']",[],"['Europe', 'Fantasy']",Teen,[],['Stylus'],[],1,NG,/
6613,Super Mario All-Stars,1993,"[('Nintendo Co., Ltd.', '1891')]","[('Nintendo Co., Ltd.', '1891')]",4.33,8.7,94,"['Action', 'Compilation']",['Side view'],['Platform'],['Direct control'],[],3+,[],[],"['Hot Seat', 'Same/Split-Screen']",NG,NG,/
30817,Ratchet \u0026 Clank Future: Tools of Destruction,2007/10/23,"[('Insomniac Games, Inc.', '1981')]","[('Sony Computer Entertainment America Inc.', '2334'), ('Sony Computer Entertainment Europe Ltd.', '1277'), ('Sony Computer Entertainment Inc.', '2482'), ('ak tronic Software &amp; Services GmbH', '5837')]",4.23,8.7,89,['Action'],['Behind view'],"['Platform', 'Puzzle elements', 'Shooter']",[],['Sci-fi / futuristic'],Everyone 10+,['Blu-Ray Disc'],[],[],1,NG,/
45585,Forza Motorsport 3,2009,"[('Turn 10 Studios', '9642')]","[('Microsoft Corporation', '13596')]",4.43,8.7,91,['Racing / Driving'],"['1st-person', 'Behind view']",[],[],[],Everyone,['DVD-ROM'],"['Communicator Headset', 'Racing/Steering Wheel']",['Same/Split-Screen'],1-2,2-8,/
146798,The Last of Us: Part II,2020/06/18,"[('Naughty Dog, Inc.', '1190')]","[('Sony Interactive Entertainment Europe Ltd.', '1277'), ('Sony Interactive Entertainment Inc.', '2482'), ('Sony Interactive Entertainment America LLC', '2334'), ('SCE Worldwide Studios', '7487')]",3.93,8.7,90,['Action'],['Behind view'],"['Quick Time Events (QTEs)', 'RPG elements', 'Stealth']",['Direct control'],"['Fantasy', 'North America', 'Post-apocalyptic']",Mature,"['Blu-Ray Disc', 'Download']",[],[],1,NG,/
5870,Silent Hill 2,2001,"[('Team Silent', '8856')]","[('Konami of Europe GmbH', '4351'), ('Konami of America, Inc.', '4353'), ('Konami Corporation', '99')]",4.37,8.7,90,['Action'],['3rd-person (Other)'],"['Puzzle elements', 'Survival horror']",[],['Fantasy'],Mature,['DVD-ROM'],[],[],1,NG,/
17344,God of War,2005/03/22,"[('SCE Studio Santa Monica', '6129')]","[('Sony Computer Entertainment America Inc.', '2334'), ('Sony Computer Entertainment Europe Ltd.', '1277'), ('Capcom Co., Ltd.', '3955'), ('Sony Computer Entertainment Inc.', '2482')]",4.07,8.7,93,['Action'],['3rd-person (Other)'],"['Hack and slash', 'Puzzle elements', 'Quick Time Events (QTEs)']",['Direct control'],"['Classical antiquity', 'Fantasy']",Mature,['DVD-ROM'],[],[],1,NG,/
32021,Rock Band,2007/11/20,"[('Harmonix Music Systems, Inc.', '2757')]","[('MTV Games', '9343')]",3.74,8.7,91,"['Action', 'Simulation']",['3rd-person (Other)'],['Music / rhythm'],[],[],Teen,['DVD-ROM'],"['Drum Controller - 4 Pads', 'Guitar Controller', 'Microphone']",[],1-4,4,/
29958,Metroid Prime 3: Corruption,2007,"[('Retro Studios Inc.', '3261')]","[('Nintendo Co., Ltd.', '1891')]",3.95,8.7,90,['Action'],"['1st-person', '3rd-person (Other)']",['Shooter'],['Motion control'],['Sci-fi / futuristic'],Teen,['Wii Optical Disc'],"['Nunchuk', 'Wii Remote']",[],1,NG,/
166282,Ratchet \u0026 Clank: Rift Apart,2021/06/11,"[('Insomniac Games, Inc.', '1981')]","[('Sony Interactive Entertainment America LLC', '2334'), ('Sony Interactive Entertainment Europe Ltd.', '1277'), ('Sony Interactive Entertainment Inc.', '2482'), ('Playstation PC LLC', '47447')]",4.25,8.7,89,['Action'],['Behind view'],"['Platform', 'Puzzle elements', 'Shooter']",['Direct control'],['Sci-fi / futuristic'],Everyone 10+,"['Download', 'UHD Blu-ray Disc']",[],[],1,NG,/
48914,Rock Band 3,2010/10/26,"[('Harmonix Music Systems, Inc.', '2757')]","[('MTV Games', '9343')]",4.43,8.7,91,"['Action', 'Simulation']",['3rd-person (Other)'],['Music / rhythm'],[],[],Teen,['DVD-ROM'],"['Drum Controller - 4 Pads', 'Expansion Cymbals', 'Guitar Controller', 'Keyboard', 'Microphone', 'Pro Guitar']",['Same/Split-Screen'],1-7,7,/
15623,NCAA Football 2004,2003/07/16,"[('EA Tiburon', '2031')]","[('Electronic Arts, Inc.', '2')]",4.05,8.7,92,['Sports'],[],['Managerial / business simulation'],[],[],Everyone,['DVD-ROM'],[],['Same/Split-Screen'],1-2,2,/
7248,Yoshi\u0027s Island: Super Mario Advance 3,2002,"[('Nintendo R&amp;D2', '6679')]","[('Nintendo Co., Ltd.', '1891')]",4.33,8.7,89,['Action'],['Side view'],"['Arcade', 'Platform']",[],[],Everyone,[],[],[],NG,NG,/
19710,Sid Meier\u0027s Civilization IV,2005,"[('Firaxis Games East, Inc.', '4')]","[('2K Games, Inc.', '6405'), ('CyberFront Corporation', '1866'), ('Aspyr Media, Inc.', '3882'), ('1C Company', '1872'), ('Beijing CE-Asia Co., Ltd.', '36903'), ('ak tronic Software &amp; Services GmbH', '5837'), ('Take-Two Interactive Software, Inc.', '858'), ('Mastertronic Games Ltd.', '2317'), ('Cenega Poland Sp. z o.o.', '6375')]",4.1,8.7,92,['Strategy / tactics'],['Diagonal-down'],"['4X', 'Managerial / business simulation', 'Turn-based strategy (TBS)']","['Multiple units/characters control', 'Point and select']",[],Everyone 10+,"['CD-ROM', 'Download', 'DVD-ROM']",['Keyboard'],"['Hot Seat', 'Internet', 'LAN', 'PBeM (Play-by-E-mail)']",1-10,2-10,/
39354,Street Fighter IV,2008/07/18,"[('Dimps Corporation', '3558'), ('Capcom Co., Ltd.', '3955')]","[('Capcom Co., Ltd.', '3955'), ('1C Company', '1872'), ('ak tronic Software &amp; Services GmbH', '5837')]",3.88,8.7,91,['Action'],['Side view'],['Fighting'],['Direct control'],[],NG,[],['6 buttons'],"['LAN', 'Same/Split-Screen']",1-2,NG,/
153477,Demon\u0027s Souls,2020/11/12,"[('Bluepoint Games, Inc.', '13948'), ('Sony Interactive Entertainment Japan Studio', '6130')]","[('Sony Interactive Entertainment Inc.', '2482'), ('Sony Interactive Entertainment America LLC', '2334')]",4.05,8.7,93,['Role-playing (RPG)'],['Behind view'],"['Action RPG', 'Hack and slash']",['Direct control'],['Fantasy'],Mature,"['Download', 'UHD Blu-ray Disc']",[],[],1,1-6,/
81134,Rez Infinite,2016/10/13,"[('Monstars Inc.', '25898'), ('Resonair Inc.', '29256')]","[('Enhance Experience Inc.', '25897')]",4.33,8.7,90,['Action'],['Behind view'],"['Music / rhythm', 'Rail shooter']",[],['Cyberpunk / dark sci-fi'],Everyone 10+,['Download'],"['Camera', 'VR Helmet/Headset']",[],1,NG,/
80992,Stardew Valley,2016/02/26,"[('ConcernedApe LLC', '30690')]","[('Chucklefish Ltd.', '20453'), ('ConcernedApe LLC', '30690'), ('Oizumi Amuzio Inc.', '16866')]",4.34,8.7,90,"['Role-playing (RPG)', 'Simulation']",['Diagonal-down'],['City building / construction simulation'],['Direct control'],[],Everyone 10+,['Download'],"['Gamepad', 'Keyboard', 'Mouse']","['Internet', 'LAN']",1,4,/
15735,Metal Gear Solid 3: Snake Eater,2004/11/17,"[('Konami Computer Entertainment Japan, Inc.', '4352')]","[('Konami Digital Entertainment, Inc.', '4353'), ('Konami Corporation', '99'), ('Konami Digital Entertainment GmbH', '4351'), ('ak tronic Software &amp; Services GmbH', '5837')]",4.2,8.7,90,['Action'],"['1st-person', 'Diagonal-down']","['Shooter', 'Stealth']",['Direct control'],['Cold War'],Mature,['DVD-ROM'],[],[],1,NG,/
5933,NFL 2K1,2000/09/05,"[('Visual Concepts Entertainment, Inc.', '2048')]","[('SEGA of America, Inc.', '2747'), ('SEGA Corporation', '12')]",3.84,8.7,93,['Sports'],['Diagonal-down'],[],"['Direct control', 'Multiple units/characters control']",[],Everyone,[],"['Keyboard', 'Standard Controller']",[],1-4,NG,/
7300,Super Mario Bros. 3,1988/10/23,"[('Nintendo R&amp;D2', '6679'), ('Nintendo Co., Ltd.', '1891'), ('Nintendo EAD', '1942')]","[('Nintendo Co., Ltd.', '1891')]",4.28,8.7,96,['Action'],['Side view'],['Platform'],['Direct control'],[],NG,['Cartridge'],[],[],NG,NG,/
74464,The Legend of Zelda: Majora\u0027s Mask 3D,2015/02/13,"[('Grezzo Co., Ltd.', '17299')]","[('Nintendo Co., Ltd.', '1891')]",4.53,8.7,93,['Action'],['Behind view'],"['Metroidvania', 'Puzzle elements']",[],['Fantasy'],Everyone 10+,[],[],[],NG,NG,/
142015,Ori and the Will of the Wisps,2020/03/10,"[('Moon Studios GmbH', '23201')]","[('Microsoft Corporation', '13596'), ('iam8bit, Inc.', '24982')]",4.46,8.7,90,['Action'],['Side view'],"['Metroidvania', 'Platform', 'Puzzle elements']",['Direct control'],['Fantasy'],NG,[],[],[],1,NG,/
3549,The Legend of Zelda: Ocarina of Time,1998,"[('Nintendo EAD', '1942')]","[('Nintendo Co., Ltd.', '1891'), ('iQue, Ltd.', '20522')]",4.19,8.7,96,['Action'],"['1st-person', 'Behind view']","['Metroidvania', 'Puzzle elements']",['Direct control'],"['Fantasy', 'Medieval']",Everyone,[],[],[],NG,NG,/
29886,BioShock,2007,"[('2K Australia Pty. Ltd', '10129'), ('2K Boston, Inc', '1581')]","[('2K Games, Inc.', '6405'), ('1C Company', '1872'), ('Spike Co., Ltd.', '3884'), ('ZOO Corporation', '6957'), ('ak tronic Software &amp; Services GmbH', '5837'), ('Feral Interactive Ltd.', '7849'), ('Mastertronic Games Ltd.', '2317')]",4.03,8.7,94,['Action'],['1st-person'],"['RPG elements', 'Shooter']",['Direct control'],"['Sci-fi / futuristic', 'Steampunk']",Mature,"['Download', 'DVD-ROM']","['Keyboard', 'Mouse', 'Other Input Devices']",[],1,NG,/
224693,Paper Mario: The Thousand-Year Door,2024/05/23,"[('Intelligent Systems Co., Ltd.', '2605')]","[('Nintendo of America Inc.', '6034')]",5.0,8.7,88,['Role-playing (RPG)'],"['Behind view', 'Side view']",['Japanese-style RPG (JRPG)'],['Direct control'],['Fantasy'],Everyone,[],[],[],NG,NG,/
74938,Undertale,2015/09/15,[],"[('Royal Sciences, LLC', '57014'), ('8-4, Ltd.', '9948'), ('Fangamer LLC', '26407')]",4.22,8.7,91,['Role-playing (RPG)'],['Diagonal-down'],['Japanese-style RPG (JRPG)'],['Menu structures'],['Fantasy'],NG,['Download'],['Keyboard'],[],1,NG,/
52419,LittleBigPlanet 2,2011/01/18,"[('Media Molecule Ltd.', '11459')]","[('Sony Computer Entertainment America Inc.', '2334'), ('Sony Computer Entertainment Europe Ltd.', '1277')]",4.11,8.7,90,['Action'],['Side view'],"['Platform', 'Puzzle elements']",['Direct control'],['Fantasy'],Everyone,['Blu-Ray Disc'],"['Camera', 'Move Motion Controller Compatible']",['Same/Split-Screen'],1-4,4,/
47408,Super Street Fighter IV,2010/04/27,"[('Capcom Co., Ltd.', '3955'), ('Dimps Corporation', '3558')]","[('Capcom Co., Ltd.', '3955'), ('ak tronic Software &amp; Services GmbH', '5837')]",3.62,8.7,90,['Action'],['Side view'],['Fighting'],['Direct control'],[],Teen,['DVD-ROM'],[],[],1-2,2-8,/
195765,Chained Echoes,2022/12/08,[],"[('Deck13 Spotlight GmbH', '42515')]",3.0,8.7,90,['Role-playing (RPG)'],['Diagonal-down'],['Japanese-style RPG (JRPG)'],['Direct control'],['Fantasy'],NG,['Download'],"['Gamepad', 'Keyboard', 'Mouse']",[],1,NG,/
19271,Advance Wars: Dual Strike,2005/06/23,"[('Intelligent Systems Co., Ltd.', '2605')]","[('Nintendo Co., Ltd.', '1891'), ('Nintendo of America Inc.', '6034'), ('Nintendo of Europe GmbH', '6063')]",3.81,8.7,91,['Strategy / tactics'],"['Diagonal-down', 'Side view']",[],[],[],Everyone,[],['Stylus'],['Hot Seat'],1-4,NG,/
19875,Shadow of the Colossus,2005/10/18,"[('Team Ico', '9677')]","[('Sony Computer Entertainment America Inc.', '2334'), ('Sony Computer Entertainment Inc.', '2482'), ('Sony Computer Entertainment Europe Ltd.', '1277')]",4.23,8.7,92,['Action'],['Behind view'],"['Platform', 'Puzzle elements']",['Direct control'],['Fantasy'],Teen,['DVD-ROM'],[],[],1,NG,/
113492,Sekiro: Shadows Die Twice,2019/03/22,"[('FromSoftware, Inc.', '2348')]","[('FromSoftware, Inc.', '2348'), ('Activision Publishing, Inc.', '25')]",4.52,8.7,88,['Action'],['Behind view'],"['Hack and slash', 'Stealth']",['Direct control'],"['Fantasy', 'Japan (Ancient/Classical/Medieval)']",18,['Download'],"['Gamepad', 'Keyboard', 'Mouse']",[],1,NG,/
14152,ESPN NFL 2K5,2004/07/20,"[('Visual Concepts Entertainment, Inc.', '2048')]","[('SEGA of America, Inc.', '2747'), ('Global Star Software Inc.', '1760'), ('SEGA Europe Ltd.', '3967')]",4.69,8.7,89,['Sports'],"['1st-person', 'Diagonal-down']",[],"['Direct control', 'Multiple units/characters control']",[],Everyone,['DVD-ROM'],"['Keyboard Compatible', 'Microphone']",['Same/Split-Screen'],1-2,2-16,/
20164,Mario Kart DS,2005,"[('Nintendo EAD', '1942')]","[('Nintendo Co., Ltd.', '1891')]",3.98,8.7,91,['Racing / Driving'],['Behind view'],['Arcade'],['Direct control'],['Fantasy'],Everyone,[],['DS Microphone/Headset'],[],1,NG,/
155,Half-Life,1998,"[('Valve L.L.C.', '126')]","[('Sierra On-Line, Inc.', '17'), ('Valve Corporation', '126')]",4.28,8.7,94,['Action'],['1st-person'],['Shooter'],['Direct control'],"['North America', 'Sci-fi / futuristic']",Mature,"['CD-ROM', 'Download']","['Keyboard', 'Mouse', 'Other Input Devices']","['Internet', 'LAN']",1,32,/
9610,Advance Wars 2: Black Hole Rising,2003/06/23,"[('Intelligent Systems Co., Ltd.', '2605')]","[('Nintendo of America Inc.', '6034'), ('Nintendo of Europe GmbH', '6063')]",4.1,8.7,90,['Strategy / tactics'],['Top-down'],['Turn-based strategy (TBS)'],[],[],Everyone,[],[],[],NG,NG,/
16619,Ninja Gaiden,2004/02/28,"[('Team Ninja', '3419')]","[('Tecmo, Inc.', '7009'), ('Tecmo, Ltd.', '1460'), ('Microsoft Corporation', '13596')]",3.82,8.7,91,['Action'],"['1st-person', '3rd-person (Other)', 'Diagonal-down']",['Hack and slash'],['Direct control'],"['Japan (Ancient/Classical/Medieval)', 'Medieval']",Mature,[],[],[],1,NG,/
51611,The Witcher 2: Assassins of Kings,2011/05/17,"[('CD Projekt RED Sp. z o.o.', '10445')]","[('Namco Bandai Partners S.A.S.', '16180'), ('CD Projekt Sp. z o.o.', '5036'), ('Atari, Inc.', '71')]",4.04,8.7,89,['Role-playing (RPG)'],['Behind view'],"['Action RPG', 'Quick Time Events (QTEs)']",['Direct control'],['Fantasy'],Mature,"['Download', 'DVD-ROM']","['Keyboard', 'Mouse', 'Other Input Devices']",[],1,NG,/
210927,Alan Wake II,2023/10/27,"[('Remedy Entertainment Oyj', '164')]","[('Epic Games, Inc.', '154')]",3.62,8.7,89,['Action'],['Behind view'],"['Puzzle elements', 'Survival horror']",['Direct control'],['Fantasy'],NG,[],[],[],NG,NG,/
172725,Death Stranding: Director\u0027s Cut,2021/09/24,"[('Kojima Productions Co., Ltd.', '6811')]","[('Sony Interactive Entertainment America LLC', '2334'), ('505 Games S.p.A.', '6002'), ('505 Games (U.S.), Inc.', '13112')]",4.57,8.7,89,['Action'],"['1st-person', 'Behind view']",['Sandbox / open world'],['Direct control'],"['North America', 'Post-apocalyptic', 'Sci-fi / futuristic']",Mature,['Download'],['Gamepad'],[],1,NG,/
3556,Final Fantasy IX,2000,"[('Square Co., Ltd.', '1120')]","[('Sony Computer Entertainment Inc.', '2482'), ('Square Co., Ltd.', '1120'), ('Square Electronic Arts L.L.C.', '1119'), ('Square Europe, Ltd.', '5038'), ('Infogrames Europe SA', '34'), ('Infogrames Entertainment SA', '13363'), ('Square Enix Co., Ltd.', '28638'), ('Square Enix Co., Ltd.', '3613'), ('Square Enix, Inc.', '5152'), ('Square Enix Limited', '5941')]",4.28,8.7,90,['Role-playing (RPG)'],['3rd-person (Other)'],['Japanese-style RPG (JRPG)'],"['Direct control', 'Menu structures']",['Fantasy'],Teen,[],[],[],NG,NG,/
209564,Cocoon,2023/09/29,"[('Geometric Interactive', '54548')]","[('Annapurna Games, LLC', '27820')]",4.2,8.7,90,['Puzzle'],['Diagonal-down'],['Platform'],['Direct control'],['Fantasy'],NG,['Download'],"['Gamepad', 'Keyboard', 'Mouse']",[],1,NG,/
216878,Persona 3: Reload,2024/02/02,"[('Atlus Co., Ltd.', '29077')]","[('SEGA Corporation', '12'), ('SEGA of America, Inc.', '2747')]",4.56,8.7,88,['Role-playing (RPG)'],['3rd-person (Other)'],[],['Menu structures'],['Fantasy'],16,['Download'],"['Gamepad', 'Keyboard', 'Mouse']",[],1,NG,/
223654,"Animal Well"", ""user_score"": null}, {""adult"": false, ""companies"": [{""id"": 6944, ""name"": ""Soft Club"", ""title_id"": 10}, {""id"": 6719, ""name"": ""Vivendi Universal Games Italia"", ""title_id"": 10}, {""id"": 57192, ""name"": ""Electronic Arts Czech Republic, s.r.o."", ""title_id"": 10}, {""id"": 126, ""name"": ""Valve Corporation"", ""title_id"": 1}, {""id"": 6720, ""name"": ""Vivendi Games (UK) Limited"", ""title_id"": 10}, {""id"": 21387, ""name"": ""Nvidia Tegra Partners"", ""title_id"": 1}, {""id"": 35767, ""name"": ""Sony DADC Austria AG"", ""title_id"": 30}, {""id"": 126, ""name"": ""Valve Corporation"", ""title_id"": 10}, {""id"": 6422, ""name"": ""Electronic Arts Deutschland GmbH"", ""title_id"": 10}, {""id"": 3473, ""name"": ""Vivendi Universal Games France"", ""title_id"": 10}, {""id"": 20971, ""name"": ""Nicolas Games S.A."", ""title_id"": 10}, {""id"": 17, ""name"": ""Sierra Entertainment, Inc."", ""title_id"": 1}, {""id"": 6812, ""name"": ""Vivendi Universal Games Australia Pty Ltd."", ""title_id"": 10}, {""id"": 6422, ""name"": ""Electronic Arts GmbH"", ""title_id"": 10}, {""id"": 2519, ""name"": ""Vivendi Universal Games, Inc."", ""title_id"": 10}, {""id"": 5036, ""name"": ""CD Projekt Sp. z o.o."", ""title_id"": 10}, {""id"": 5624, ""name"": ""Havok"", ""title_id"": 23}, {""id"": 2, ""name"": ""Electronic Arts, Inc."", ""title_id"": 1}, {""id"": 7132, ""name"": ""Electronic Arts Publishing SARL"", ""title_id"": 10}, {""id"": 6637, ""name"": ""Cenega Czech s.r.o."", ""title_id"": 11}, {""id"": 4569, ""name"": ""RAD Game Tools, Inc."", ""title_id"": 23}, {""id"": 6944, ""name"": ""Soft Club"", ""title_id"": 11}, {""id"": 126, ""name"": ""Valve Corporation"", ""title_id"": 2}, {""id"": 15017, ""name"": ""Google Inc."", ""title_id"": 10}, {""id"": 3474, ""name"": ""Vivendi Universal Games Deutschland GmbH"", ""title_id"": 10}, {""id"": 6385, ""name"": ""Electronic Arts Polska Sp. z o.o."", ""title_id"": 10}, {""id"": 6637, ""name"": ""Cenega Czech s.r.o."", ""title_id"": 10}, {""id"": 6718, ""name"": ""Vivendi Universal Games Espa\u00f1a"", ""title_id"": 10}], ""cover"": {""tiny_height"": 136, ""tiny_url"": ""https://cdn.mobygames.com/ad7bb7a8-af3c-11ed-8847-02420a0001be.webp"", ""tiny_width"": 95}, ""created"": ""2004-11-15"", ""critic_score"": 93, ""game_id"": 15564, ""genres"": [{""id"": 1, ""name"": ""Action""}, {""id"": 7, ""name"": ""1st-person""}, {""id"": 8, ""name"": ""Sci-fi / futuristic""}, {""id"": 22, ""name"": ""Shooter""}, {""id"": 30, ""name"": ""Puzzle elements""}, {""id"": 65, ""name"": ""Post-apocalyptic""}, {""id"": 168, ""name"": ""Direct control""}, {""id"": 223, ""name"": ""Regional differences""}], ""internal_url"": ""https://www.mobygames.com/game/15564/half-life-2/"", ""last_modified"": ""2024-07-15"", ""moby_score"": 8.669492847854357, ""platforms"": [{""critic_score"": 0, ""critic_votes"": 0, ""id"": 1, ""moby_score"": null, ""name"": ""Linux"", ""release_date"": ""2013",2024/05/09,"[('Shared Memory LLC', '60241')]","[('Bigmode', '60242')]",4.14,8.7,89,['Action'],['Side view'],"['Metroidvania', 'Platform']",['Direct control'],['Fantasy'],NG,[],[],[],NG,NG,/
150140,Tony Hawk\u0027s Pro Skater 1 + 2,2020/09/04,"[('Vicarious Visions, Inc.', '1790'), ('Iron Galaxy Studios, LLC', '15283')]","[('Activision Publishing, Inc.', '25')]",3.8,8.7,90,"['Action', 'Sports']",['Behind view'],['Tricks / stunts'],['Direct control'],[],NG,[],[],[],NG,NG,/
53890,Pushmo,2011/10/05,"[('Intelligent Systems Co., Ltd.', '2605')]","[('Nintendo Co., Ltd.', '1891'), ('Nintendo of Europe GmbH', '6063'), ('Nintendo of America Inc.', '6034')]",4.07,8.7,89,"['Action', 'Puzzle']",['Side view'],['Platform'],[],[],Everyone,['Download'],"['Camera', 'Stylus']",[],1,NG,/
136046,Disco Elysium,2019/10/15,"[('Zaum Studio OÜ', '38491')]","[('Zaum Studio OÜ', '38491'), ('Disco Elysium UK Ltd.', '44543')]",3.86,8.7,92,['Role-playing (RPG)'],['Diagonal-down'],[],['Point and select'],[],NG,[],[],[],NG,NG,/
79643,Inside,2016/06/29,"[('Playdead ApS', '15778')]","[('Playdead ApS', '15778')]",3.79,8.7,90,['Action'],['Side view'],"['Platform', 'Puzzle elements', 'Stealth']",['Direct control'],[],NG,['Download'],[],[],1,NG,/
169624,Ghost of Tsushima: Director\u0027s Cut,2021/08/20,"[('Sucker Punch Productions LLC', '2011')]","[('Sony Interactive Entertainment America LLC', '2334'), ('Sony Interactive Entertainment Europe Ltd.', '1277')]",4.71,8.7,90,['Action'],['Behind view'],"['RPG elements', 'Sandbox / open world', 'Stealth']",['Direct control'],['Japan (Ancient/Classical/Medieval)'],Mature,[],[],[],NG,NG,/
23801,NBA Street V3,2005/02/08,"[('Electronic Arts Canada', '2002')]","[('Electronic Arts, Inc.', '2')]",3.9,8.7,89,['Sports'],['3rd-person (Other)'],['Tricks / stunts'],['Direct control'],[],Everyone,['DVD-ROM'],['Microphone'],['Same/Split-Screen'],1-2,2,/
115348,Return of the Obra Dinn,2018/10/18,"[('3909, LLC.', '20616')]","[('3909, LLC.', '20616')]",4.3,8.7,90,['Adventure'],['1st-person'],"['Graphic adventure', 'Puzzle elements']",['Direct control'],['Europe'],NG,['Download'],"['Gamepad', 'Keyboard', 'Mouse']",[],1,NG,/
198508,Dead Space,2023/01/27,"[('Motive Studio', '29116')]","[('Electronic Arts, Inc.', '2')]",3.92,8.7,89,['Action'],['Behind view'],"['Puzzle elements', 'Quick Time Events (QTEs)', 'Shooter', 'Survival horror']",['Direct control'],['Cyberpunk / dark sci-fi'],18,['Download'],"['Gamepad', 'Keyboard', 'Mouse']",[],1,NG,/
14831,Burnout 3: Takedown,2004/09/08,"[('Criterion Software Ltd.', '1687')]","[('Electronic Arts, Inc.', '2')]",3.95,8.7,92,"['Action', 'Racing / Driving']","['1st-person', 'Behind view']",[],['Direct control'],[],Teen,['DVD-ROM'],"['Microphone', 'Racing/Steering Wheel']",['Same/Split-Screen'],1-2,6,/
102905,Shadow of the Colossus,2018/02/06,"[('Bluepoint Games, Inc.', '13948'), ('Sony Interactive Entertainment Japan Studio', '6130')]","[('Sony Interactive Entertainment Inc.', '2482'), ('SCE Worldwide Studios', '7487')]",3.88,8.7,92,['Action'],[],"['Platform', 'Puzzle elements']",['Direct control'],['Fantasy'],Teen,"['Blu-Ray Disc', 'Download']",[],[],1,NG,/
2465,Baldur\u0027s Gate II: Shadows of Amn,2000,"[('BioWare Corporation', '885')]","[('Interplay Entertainment Corp.', '45'), ('SEGA Corporation', '12'), ('MacPlay', '4323'), ('Acer Third Wave Software (Beijing) Co., Ltd', '36714'), ('ak tronic Software &amp; Services GmbH', '5837'), ('Akella', '1697')]",4.19,8.7,93,['Role-playing (RPG)'],[],[],"['Multiple units/characters control', 'Point and select']",['Fantasy'],Teen,"['CD-ROM', 'Download', 'DVD-ROM']","['Keyboard', 'Mouse']","['Internet', 'LAN', 'Modem', 'Null-modem cable']",1,6,/
21692,Final Fantasy XII,2006/03/16,"[('Square Enix Co., Ltd.', '28638')]","[('Square Enix Co., Ltd.', '28638'), ('Sony Computer Entertainment Inc.', '2482'), ('Square Enix, Inc.', '5152'), ('Square Enix Ltd', '5038'), ('ak tronic Software &amp; Services GmbH', '5837')]",3.89,8.7,91,['Role-playing (RPG)'],['Behind view'],[],[],['Fantasy'],Teen,['DVD-ROM'],[],[],1,NG,/
8725,The Legend of Zelda: The Wind Waker,2002/12/13,"[('Nintendo EAD', '1942')]","[('Nintendo Co., Ltd.', '1891')]",4.12,8.7,92,['Action'],"['1st-person', 'Behind view']","['Metroidvania', 'Puzzle elements']",['Direct control'],['Fantasy'],Everyone,[],['Game Boy Advance Compatible'],[],1,NG,/
17870,Radiant Silvergun,1998,"[('Treasure Co., Ltd.', '2108')]","[('SEGA Enterprises Ltd.', '12'), ('Entertainment Software Publishing Inc.', '2879'), ('Microsoft Corporation', '13596'), ('Live Wire Inc.', '44535')]",4.09,8.7,93,['Action'],['Top-down'],"['Arcade', 'Shooter']",['Direct control'],[],NG,[],[],[],NG,NG,/
33867,Grand Theft Auto IV,2008,"[('Rockstar North Ltd.', '146')]","[('Rockstar Games, Inc.', '1096'), ('Capcom Co., Ltd.', '3955'), ('CyberFront Corporation', '1866'), ('1C Company', '1872'), ('ak tronic Software &amp; Services GmbH', '5837')]",3.9,8.6,94,"['Action', 'Racing / Driving']",['Behind view'],"['Sandbox / open world', 'Shooter']",['Direct control'],"['Contemporary', 'North America']",Mature,"['Blu-Ray Disc', 'Download']",['Headset Compatible'],[],1,2-16,/
115141,Astro Bot: Rescue Mission,2018/10/02,"[('ASOBI Team', '43376')]","[('Sony Interactive Entertainment Inc.', '2482'), ('Sony Interactive Entertainment America LLC', '2334'), ('Sony Interactive Entertainment (Shanghai) Co., Ltd.', '32074')]",4.13,8.6,93,['Action'],['3rd-person (Other)'],['Platform'],['Direct control'],['Sci-fi / futuristic'],Everyone 10+,"['Blu-Ray Disc', 'Download']",[],[],1,NG,/
53611,Uncharted 3: Drake\u0027s Deception,2011/11/01,"[('Naughty Dog, Inc.', '1190')]","[('Sony Computer Entertainment America LLC', '2334'), ('Sony Computer Entertainment Inc.', '2482'), ('Sony Interactive Entertainment Europe Ltd.', '1277')]",4.22,8.6,89,['Action'],"['3rd-person (Other)', 'Behind view']","['Platform', 'Puzzle elements', 'Quick Time Events (QTEs)', 'Shooter', 'Stealth']",['Direct control'],"['Contemporary', 'Europe', 'Middle East']",Teen,['Blu-Ray Disc'],['Headset Compatible'],[],1-2,2-10,/
121476,Devil May Cry 5,2019/03/08,"[('Capcom Co., Ltd.', '3955')]","[('Capcom Co., Ltd.', '3955')]",4.56,8.6,88,['Action'],['Behind view'],['Hack and slash'],['Direct control'],['Fantasy'],18,['DVD-ROM'],[],[],NG,NG,/
5899,Super Mario World: Super Mario Advance 2,2001/12/14,"[('Nintendo R&amp;D2', '6679'), ('Nintendo Co., Ltd.', '1891')]","[('Nintendo Co., Ltd.', '1891')]",4.22,8.6,91,['Action'],['Side view'],"['Platform', 'Puzzle elements']",[],[],Everyone,[],[],[],NG,NG,/
178917,Horizon II: Forbidden West,2022/02/18,"[('Guerrilla B.V.', '3312')]","[('Sony Interactive Entertainment Europe Ltd.', '1277'), ('Sony Interactive Entertainment America LLC', '2334'), ('Sony Interactive Entertainment Inc.', '2482'), ('Sony Interactive Entertainment (Shanghai) Co., Ltd.', '32074')]",4.42,8.6,88,['Role-playing (RPG)'],['Behind view'],['Action RPG'],['Direct control'],"['Fantasy', 'North America', 'Post-apocalyptic']",Teen,[],[],[],NG,NG,/
50244,Dead Space 2,2011/01/25,"[('Visceral Games (Redwood Shores)', '3178')]","[('Electronic Arts, Inc.', '2'), ('ak tronic Software &amp; Services GmbH', '5837')]",4.22,8.6,89,['Action'],['Behind view'],"['Shooter', 'Survival horror']",['Direct control'],['Sci-fi / futuristic'],Mature,"['Download', 'DVD-ROM']","['Keyboard', 'Mouse', 'Other Input Devices']",['Internet'],1,2-8,/
31074,Call of Duty 4: Modern Warfare,2007/11/05,"[('Infinity Ward, Inc.', '4182')]","[('Activision Publishing, Inc.', '25'), ('Noviy Disk', '4480'), ('Aspyr Media, Inc.', '3882'), ('ak tronic Software &amp; Services GmbH', '5837')]",3.88,8.6,93,['Action'],['1st-person'],['Shooter'],['Direct control'],"['Contemporary', 'Europe', 'Middle East']",Mature,"['Download', 'DVD-ROM']","['Keyboard', 'Mouse']","['Internet', 'LAN']",1,32,/
7353,NFL 2K3,2002/08/14,"[('Visual Concepts Entertainment, Inc.', '2048')]","[('SEGA of America, Inc.', '2747'), ('SEGA Corporation', '12'), ('SEGA Europe Ltd.', '3967')]",3.95,8.6,90,['Sports'],['Diagonal-down'],[],"['Direct control', 'Multiple units/characters control']",[],Everyone,['DVD-ROM'],[],['Same/Split-Screen'],1-2,NG,/
72146,Ori and the Blind Forest,2015/03/10,"[('Moon Studios GmbH', '23201')]","[('Microsoft Corporation', '13596')]",4.27,8.6,89,['Action'],['Side view'],"['Metroidvania', 'Platform', 'Puzzle elements']",[],['Fantasy'],7,['Download'],"['Keyboard', 'Mouse']",[],1,NG,/
43958,Assassin\u0027s Creed II,2009/11/17,"[('Ubisoft Entertainment Inc.', '3576')]","[('Ubisoft Entertainment SA', '1518'), ('ak tronic Software &amp; Services GmbH', '5837')]",3.95,8.6,90,['Action'],"['1st-person', 'Behind view']","['Quick Time Events (QTEs)', 'Stealth']",['Direct control'],['Europe'],Mature,['DVD-ROM'],[],[],1,NG,/
199777,Theatrhythm: Final Bar Line,2023/02/16,"[('indieszero Co., Ltd.', '12831')]","[('Square Enix Co., Ltd.', '3613')]",4.5,8.6,87,['Action'],['Side view'],['Music / rhythm'],['Direct control'],"['Fantasy', 'Sci-fi / futuristic']",Teen,[],[],[],NG,NG,/
50873,Dead Space 2: Limited Edition,2011/01/25,[],"[('Electronic Arts, Inc.', '2')]",4.43,8.6,89,['Compilation'],[],[],[],[],Mature,['Blu-Ray Disc'],"['Camera', 'Move Motion Controller Compatible']",[],1-2,2-8,/
158999,Super Mario 3D World + Bowser\u2019s Fury,2021,"[('Nintendo EPD', '24437')]","[('Nintendo Co., Ltd.', '1891')]",4.47,8.6,88,['Action'],['3rd-person (Other)'],['Platform'],['Direct control'],[],Everyone,"['Download', 'Game Card']","['Joy-Con', 'Nintendo Switch Pro Controller', 'Touch Screen']","['Internet', 'Same/Split-Screen']",NG,4,/
21550,Project Gotham Racing 3,2005/11/14,"[('Bizarre Creations, Ltd.', '78')]","[('Microsoft Corporation', '13596')]",3.92,8.6,88,['Racing / Driving'],"['1st-person', 'Behind view']",[],[],[],Everyone 10+,['DVD-ROM'],['Communicator Headset'],['Internet'],1-2,2-8,/
6591,Super Mario World,1990/11/21,"[('Nintendo Co., Ltd.', '1891')]","[('Nintendo Co., Ltd.', '1891')]",4.26,8.6,94,['Action'],['Side view'],['Platform'],['Direct control'],[],Kids to Adults,[],[],['Hot Seat'],NG,NG,/
210676,Slay the Princess,2023/10/23,"[('Black Tabby Games, LLC', '55377')]","[('Black Tabby Games, LLC', '55377')]",4.5,8.6,89,['Adventure'],['1st-person'],"['RPG elements', 'Visual novel']",['Menu structures'],['Fantasy'],NG,[],[],[],NG,NG,/
84102,NieR: Automata,2017/02/23,"[('Platinum Games Inc.', '10323')]","[('Square Enix Co., Ltd.', '3613')]",4.29,8.6,89,['Role-playing (RPG)'],['Behind view'],"['Action RPG', 'Hack and slash', 'Sandbox / open world']",['Direct control'],"['Post-apocalyptic', 'Sci-fi / futuristic']",Mature,"['Blu-Ray Disc', 'Download']",[],[],1,NG,/
25505,Elite Beat Agents,2006/11/08,"[('iNiS corporation', '7114')]","[('Nintendo of America Inc.', '6034'), ('Nintendo Co., Ltd.', '1891'), ('Nintendo of Europe GmbH', '6063'), ('Nintendo France SARL', '6064')]",4.15,8.6,88,['Action'],['3rd-person (Other)'],['Music / rhythm'],[],[],Everyone 10+,[],['Stylus'],[],1,NG,/
5163,Madden NFL 2002,2001,"[('EA Tiburon', '2031')]","[('Electronic Arts, Inc.', '2')]",3.22,8.6,90,['Sports'],['Diagonal-down'],[],['Direct control'],[],Everyone,['CD-ROM'],[],['Same/Split-Screen'],1-2,NG,/
3646,Ogre Battle 64: Person of Lordly Caliber,1999/07/14,"[('Quest Corporation', '1973')]","[('Nintendo Co., Ltd.', '1891'), ('Atlus U.S.A., Inc.', '1971'), ('Square Enix Co., Ltd.', '3613'), ('Square Enix Limited', '5941'), ('Square Enix, Inc.', '5152')]",4.31,8.6,90,"['Role-playing (RPG)', 'Strategy / tactics']",['Top-down'],[],[],['Fantasy'],Teen,[],[],[],NG,NG,/
143581,Doom Eternal,2020/03/19,"[('id Software, Inc.', '61')]","[('Bethesda Softworks LLC', '171')]",4.34,8.6,88,['Action'],['1st-person'],['Shooter'],['Direct control'],['Sci-fi / futuristic'],18,['Download'],"['Gamepad', 'Keyboard', 'Mouse']",[],1,NG,/
74669,Super Mario Maker,2015/09/11,"[('Nintendo EAD', '1942')]","[('Nintendo Co., Ltd.', '1891')]",4.23,8.6,88,['Action'],['Side view'],['Platform'],"['Direct control', 'Point and select']",[],Everyone,"['Download', 'Wii U Optical Disc']","['Classic Controller', 'GamePad', 'Nunchuk', 'Touch Screen', 'Wii Remote', 'Wii MotionPlus / Wii Remote Plus', 'Wii U Pro Controller']",[],1,1,/
3550,The Legend of Zelda: Majora\u0027s Mask,2000,"[('Nintendo EAD', '1942')]","[('Nintendo Co., Ltd.', '1891')]",4.1,8.6,93,['Action'],"['1st-person', 'Behind view']","['Metroidvania', 'Puzzle elements']",['Direct control'],['Fantasy'],Everyone,[],[],[],NG,NG,/
186311,Neon White,2022/06/16,"[('Angel Matrix LLC', '50058'), ('Little Flag Software, LLC', '26634')]","[('Annapurna Games, LLC', '27820')]",3.17,8.6,89,['Action'],['1st-person'],"['Platform', 'Shooter']",['Direct control'],['Fantasy'],NG,['Download'],"['Gamepad', 'Keyboard', 'Mouse']",[],1,NG,/
65975,Mario Kart 8,2014/05/29,"[('Nintendo EAD', '1942')]","[('Nintendo Co., Ltd.', '1891')]",4.34,8.6,88,['Racing / Driving'],['Behind view'],['Arcade'],"['Direct control', 'Motion control']",['Fantasy'],Everyone,"['Download', 'Wii U Optical Disc']","['GamePad', 'Nunchuk', 'Wii Remote', 'Wii MotionPlus / Wii Remote Plus', 'Wii U Pro Controller']","['Internet', 'Same/Split-Screen']",1-4,2-12,/
43158,Ratchet \u0026 Clank Future: A Crack in Time,2009/10/27,"[('Insomniac Games, Inc.', '1981')]","[('Sony Computer Entertainment America Inc.', '2334'), ('Sony Computer Entertainment Europe Ltd.', '1277')]",4.27,8.6,89,['Action'],['Behind view'],"['Platform', 'Puzzle elements', 'Shooter']",[],['Sci-fi / futuristic'],Everyone 10+,['Blu-Ray Disc'],[],[],1,NG,/
44546,Pok\u00e9mon SoulSilver Version,2009/09/12,"[('Creatures, Inc.', '6770'), ('Game Freak, Inc.', '2233')]","[('Pokémon Company, The', '6681'), ('Nintendo Co., Ltd.', '1891'), ('Nintendo of America Inc.', '6034'), ('Nintendo of Europe GmbH', '6063')]",4.43,8.6,87,['Role-playing (RPG)'],['Diagonal-down'],['Japanese-style RPG (JRPG)'],[],['Fantasy'],Everyone,[],"['DS Microphone/Headset', 'Stylus']",[],1,NG,/
207900,Sea of Stars,2023/08/29,"[('Sabotage Studio Inc.', '32322')]","[('Sabotage Studio Inc.', '32322'), ('iam8bit, Inc.', '24982')]",3.89,8.6,88,['Role-playing (RPG)'],['Top-down'],['Japanese-style RPG (JRPG)'],['Direct control'],['Fantasy'],7,['Download'],"['Gamepad', 'Keyboard', 'Mouse']",[],1,NG,/
73287,Madden NFL 2005,2004/08/09,"[('EA Tiburon', '2031')]","[('Electronic Arts, Inc.', '2')]",4.09,8.6,88,['Sports'],['Diagonal-down'],[],"['Direct control', 'Multiple units/characters control']",[],Everyone,['DVD-ROM'],['Microphone'],['Same/Split-Screen'],1-2,2,/
74052,Wajas,2006,"[('Wajas, Inc', '23752')]","[('Wajas, Inc', '23752')]",4.67,8.6,n/a,['Simulation'],[],['Life / social simulation'],[],['Fantasy'],NG,[],['Mouse'],[],NG,NG,/
111565,Sonic Mania Plus,2018/07/17,"[('PagodaWest Games', '29125'), ('Headcannon', '29126')]","[('SEGA Europe Ltd.', '3967'), ('SEGA Games Co., Ltd.', '12'), ('Netflix Inc.', '26326')]",4.78,8.6,88,"['Compilation', 'Special edition']",[],[],[],[],A,"['Blu-Ray Disc', 'Download']",[],[],1-4,NG,/
194426,Pentiment,2022/11/15,"[('Obsidian Entertainment, Inc.', '5203')]","[('Microsoft Corporation', '13596')]",4.24,8.6,87,['Adventure'],['3rd-person (Other)'],['Graphic adventure'],['Point and select'],"['Europe', 'Medieval']",16,['Download'],"['Gamepad', 'Keyboard', 'Mouse']",[],1,NG,/
124242,Katana Zero,2019/04/18,"[('Askiisoft', '19682')]","[('Devolver Digital, Inc.', '15847')]",4.61,8.6,88,['Action'],['Side view'],['Platform'],['Direct control'],['Cyberpunk / dark sci-fi'],NG,[],[],[],NG,NG,/
61532,Pikmin 3,2013/07/26,"[('Nintendo EAD', '1942')]","[('Nintendo Co., Ltd.', '1891')]",4.51,8.6,87,"['Action', 'Puzzle', 'Strategy / tactics']",['3rd-person (Other)'],[],[],"['Contemporary', 'Fantasy', 'Sci-fi / futuristic']",Everyone 10+,"['Download', 'Wii U Optical Disc']","['GamePad', 'Nunchuk', 'Wii Remote', 'Wii MotionPlus / Wii Remote Plus', 'Wii U Pro Controller']",[],1-2,NG,/
9237,Castlevania: Aria of Sorrow,2003/05/06,"[('Konami Computer Entertainment Tokyo, Inc.', '2014')]","[('Konami of America, Inc.', '4353'), ('Konami Corporation', '99'), ('Konami Digital Entertainment GmbH', '4351')]",4.26,8.6,88,"['Action', 'Role-playing (RPG)']",['Side view'],"['Metroidvania', 'Platform', 'Puzzle elements']",[],"['Europe', 'Fantasy']",Teen,[],[],[],NG,NG,/
35529,Braid,2008/08/06,"[('Number None Inc.', '11800')]","[('Microsoft Corporation', '13596'), ('Number None Inc.', '11800'), ('Hothead Games, Inc.', '11342'), ('MumboJumbo, LLC', '2555'), ('ZOO Corporation', '6957'), ('UTV Ignition Entertainment Ltd.', '4767'), ('Game Factory Interactive Ltd.', '6309'), ('Russobit-M', '2804')]",4.05,8.6,92,"['Action', 'Puzzle']",['Side view'],['Platform'],['Direct control'],['Fantasy'],Everyone 10+,['Download'],[],[],1,NG,/
4268,The Legend of Zelda: Link\u0027s Awakening DX,1998,"[('Nintendo EAD', '1942')]","[('Nintendo Co., Ltd.', '1891')]",4.17,8.6,93,['Action'],"['Side view', 'Top-down']","['Metroidvania', 'Puzzle elements']",[],['Fantasy'],Everyone,[],[],[],NG,NG,/
195171,"Atari 50: The Anniversary Celebration"", ""user_score"": null}, {""adult"": false, ""companies"": [{""id"": 5038, ""name"": ""Square Enix Ltd"", ""title_id"": 1}, {""id"": 6305, ""name"": ""Atlus Co., Ltd."", ""title_id"": 2}, {""id"": 1971, ""name"": ""Atlus U.S.A., Inc."", ""title_id"": 1}, {""id"": 2334, ""name"": ""Sony Computer Entertainment America LLC"", ""title_id"": 1}, {""id"": 6305, ""name"": ""Atlus Co., Ltd."", ""title_id"": 1}], ""cover"": {""tiny_height"": 136, ""tiny_url"": ""https://cdn.mobygames.com/971fdaaa-af48-11ed-8ca8-02420a0001be.webp"", ""tiny_width"": 96}, ""created"": ""2008-12-20"", ""critic_score"": 90, ""game_id"": 38259, ""genres"": [{""id"": 50, ""name"": ""Role-playing (RPG)""}, {""id"": 57, ""name"": ""Anime / Manga""}, {""id"": 106, ""name"": ""Turn-based""}, {""id"": 128, ""name"": ""Behind view""}], ""internal_url"": ""https://www.mobygames.com/game/38259/shin-megami-tensei-persona-4/"", ""last_modified"": ""2024-01-31"", ""moby_score"": 8.598153846153846, ""platforms"": [{""critic_score"": 90, ""critic_votes"": 42, ""id"": 7, ""moby_score"": 8.644812030075189, ""name"": ""PlayStation 2"", ""release_date"": ""2008",2022,"[('Digital Eclipse Entertainment Partners Co.', '41707')]","[('Atari Interactive, Inc.', '202')]",4.17,8.6,88,"['Action', 'Compilation', 'Educational']",[],['Arcade'],"['Direct control', 'Point and select']",[],NG,[],[],[],NG,NG,/
19356,Burnout: Revenge,2005/09/13,"[('Criterion Software Ltd.', '1687')]","[('Electronic Arts, Inc.', '2')]",4.02,8.6,89,"['Action', 'Racing / Driving']","['1st-person', 'Behind view']",[],['Direct control'],['Contemporary'],Everyone 10+,['DVD-ROM'],['Microphone'],['Same/Split-Screen'],1-6,6,/
96620,Cuphead,2017/09/29,"[('StudioMDHR Entertainment Inc.\t', '29869')]","[('StudioMDHR Entertainment Inc.\t', '29869')]",4.35,8.6,87,['Action'],['Side view'],"['Platform', 'Shooter']",['Direct control'],['Fantasy'],Everyone 10+,['Download'],['Gamepad'],['Same/Split-Screen'],1-2,NG,/
37114,NHL 09,2008/09/11,"[('Electronic Arts Canada', '2002')]","[('Electronic Arts, Inc.', '2')]",3.63,8.6,88,['Sports'],"['Behind view', 'Diagonal-down', 'Side view']",['Managerial / business simulation'],['Direct control'],[],Everyone 10+,['DVD-ROM'],['Communicator Headset'],[],1-4,2-12,/
73144,Rocksmith: All-new 2014 Edition,2013/10/22,"[('Ubisoft, Inc.', '6251')]","[('Ubisoft, Inc.', '6251'), ('Ubisoft Entertainment SA', '1518')]",4.5,8.6,87,"['Educational', 'Simulation']","['Diagonal-down', 'Side view']","['Mini-games', 'Music / rhythm']",[],[],Teen,"['Download', 'DVD-ROM']","['Guitar Controller', 'Keyboard', 'Mouse', 'Other Input Devices']",['Same/Split-Screen'],1-2,NG,/
18299,Sonic The Hedgehog Pocket Adventure,1999,"[('SNK Corporation', '3407')]","[('SNK Europe Ltd.', '5993'), ('SNK of America', '4624'), ('SNK Corporation', '3407')]",4.26,8.6,91,['Action'],['Side view'],['Platform'],[],['Fantasy'],Everyone,[],[],[],NG,NG,/
67038,Shovel Knight,2014/06/26,"[('Yacht Club Games, LLC', '21789')]","[('Yacht Club Games, LLC', '21789')]",4.21,8.6,89,['Action'],['Side view'],['Platform'],[],['Fantasy'],Everyone,"['Download', 'DVD-ROM']",[],[],1,NG,/
101948,Monster Hunter: World,2018/01/26,"[('Capcom Co., Ltd.', '3955')]","[('Capcom Co., Ltd.', '3955')]",3.7,8.6,90,['Role-playing (RPG)'],['Behind view'],"['Action RPG', 'Sandbox / open world']",['Direct control'],['Fantasy'],Teen,[],[],[],NG,NG,/
33975,StarCraft: Anthology,1999,[],"[('Blizzard Entertainment Inc.', '21')]",4.76,8.6,n/a,['Compilation'],[],[],[],[],16,"['CD-ROM', 'Download']","['Keyboard', 'Mouse']","['Internet', 'LAN', 'Modem', 'Null-modem cable']",1,2-8,/
112809,Yakuza: Kiwami 2,2017/12/07,"[('Ryu ga Gotoku Studio', '18183')]","[('SEGA Games Co., Ltd.', '12'), ('SEGA of America, Inc.', '2747')]",4.2,8.6,88,['Role-playing (RPG)'],['3rd-person (Other)'],['Mini-games'],['Direct control'],['Japan (Modern/Futuristic)'],Mature,"['Blu-Ray Disc', 'Download']",[],[],1,NG,/
77813,Day of the Tentacle: Remastered,2016,"[('Shiny Shoe LLC', '27728'), ('Double Fine Productions, Inc.', '6201')]","[('Double Fine Productions, Inc.', '6201'), ('Microsoft Corporation', '13596')]",4.25,8.6,88,['Adventure'],['3rd-person (Other)'],"['Graphic adventure', 'Puzzle elements']",['Point and select'],[],NG,['Download'],[],[],1,NG,/
3728,Vagrant Story,2000,"[('Square Co., Ltd.', '1120')]","[('Square Europe, Ltd.', '5038'), ('Square Co., Ltd.', '1120'), ('Square Electronic Arts L.L.C.', '1119'), ('Square Enix Co., Ltd.', '3613'), ('Sony Computer Entertainment America Inc.', '2334'), ('Square Enix Limited', '5941')]",3.98,8.6,94,['Role-playing (RPG)'],['Diagonal-down'],['Puzzle elements'],"['Direct control', 'Menu structures']",['Fantasy'],Teen,[],[],[],NG,NG,/
39623,Empire: Total War,2009/03/03,"[('Creative Assembly Ltd., The', '1477')]","[('SEGA of America, Inc.', '2747'), ('SEGA Europe Ltd.', '3967'), ('Soft Club', '6944'), ('ZOO Corporation', '6957'), ('ak tronic Software &amp; Services GmbH', '5837'), ('Feral Interactive Ltd.', '7849')]",3.64,8.6,89,['Strategy / tactics'],"['Diagonal-down', 'Top-down']","['Real-time tactics (RTT)', 'Turn-based strategy (TBS)', 'Wargame']","['Multiple units/characters control', 'Point and select']","['Africa', 'Age of Discovery / Enlightenment', 'Asia', 'Europe', 'Historical events', 'North America', 'Sea pirates / Caribbean', 'South America']",Teen,"['Download', 'DVD-ROM']","['Keyboard', 'Mouse']","['Internet', 'LAN']",1,2-8,/
59677,The Cat Lady,2012/12/07,"[('Harvester Games', '13441')]","[('Screen 7 Entertainment', '17140')]",4.44,8.6,89,['Adventure'],['3rd-person (Other)'],"['Graphic adventure', 'Puzzle elements']",[],[],18,"['Download', 'DVD-ROM']",['Keyboard'],[],1,NG,/
18194,Battlefield 2,2005,"[('Digital Illusions CE AB', '62')]","[('Electronic Arts, Inc.', '2'), ('ak tronic Software &amp; Services GmbH', '5837')]",3.97,8.6,90,['Action'],"['1st-person', 'Behind view']",['Shooter'],['Direct control'],"['Asia', 'Contemporary', 'Middle East']",Teen,"['CD-ROM', 'DVD-ROM']","['Keyboard', 'Mouse']","['Internet', 'LAN']",1,2-64,/
177783,Hades,2021,[],"[('Supergiant Games, Inc.', '15126'), ('Take-Two Interactive Software, Inc.', '858')]",4.54,8.6,93,['Special edition'],[],[],[],[],Teen,[],[],[],NG,NG,/
30617,Half-Life 2: Episode Two,2007/10/10,"[('Valve Corporation', '126')]","[('Buka Entertainment', '1392'), ('Valve Corporation', '126'), ('NVIDIA Lightspeed Studios', '26027')]",4.33,8.6,87,['Action'],['1st-person'],"['Puzzle elements', 'Shooter']",['Direct control'],"['Post-apocalyptic', 'Sci-fi / futuristic']",Mature,"['Download', 'DVD-ROM']","['Keyboard', 'Mouse']",[],1,NG,/
5211,Metal Gear Solid 2: Sons of Liberty,2001/11/12,"[('Konami Computer Entertainment Japan, Inc.', '4352')]","[('Konami of America, Inc.', '4353'), ('Konami Corporation', '99'), ('Konami of Europe GmbH', '4351')]",3.99,8.6,94,['Action'],"['1st-person', 'Behind view']","['Shooter', 'Stealth']",['Direct control'],[],Mature,['DVD-ROM'],[],[],1,NG,/
53059,The Ico \u0026 Shadow of the Colossus Collection,2011/09/27,[],"[('Sony Computer Entertainment America LLC', '2334'), ('Sony Computer Entertainment Europe Ltd.', '1277'), ('Sony Computer Entertainment Inc.', '2482')]",4.62,8.6,89,['Compilation'],[],[],[],[],Teen,"['Blu-Ray Disc', 'Download']",[],[],1,NG,/
53156,NBA 2K12,2011/10/04,"[('Visual Concepts Entertainment, Inc.', '2048'), ('2K China', '15064')]","[('2K Games, Inc.', '6405')]",4.06,8.6,90,['Sports'],['Diagonal-down'],[],"['Direct control', 'Multiple units/characters control']",[],Everyone,"['Download', 'DVD-ROM']","['Keyboard', 'Other Input Devices']","['Internet', 'Same/Split-Screen']",1-2,2-10,/
1404,Thief: Gold,1999/11/02,"[('Looking Glass Studios, Inc.', '240')]","[('Eidos Interactive Limited', '5941'), ('Square Enix, Inc.', '5152'), ('Eidos Interactive Corporation', '13101')]",4.31,8.6,92,['Action'],['1st-person'],['Stealth'],['Direct control'],"['Fantasy', 'Steampunk']",Mature,"['CD-ROM', 'Download', 'DVD-ROM']",[],[],1,NG,/
31277,Mass Effect,2007/11/20,"[('BioWare Corporation', '885')]","[('Microsoft Corporation', '13596'), ('Electronic Arts, Inc.', '2'), ('Snowball.ru', '5033'), ('1C Company', '1872'), ('ak tronic Software &amp; Services GmbH', '5837')]",4.04,8.6,90,['Role-playing (RPG)'],['Behind view'],"['Action RPG', 'Puzzle elements', 'Quick Time Events (QTEs)', 'Shooter']",['Direct control'],['Sci-fi / futuristic'],Mature,"['Download', 'DVD-ROM']",[],[],1,NG,/
23761,Tekken: Dark Resurrection,2006/07/25,"[('Namco Bandai Games Inc.', '7988'), ('Namco Limited', '1043')]","[('Namco Bandai Games America Inc.', '7989'), ('Sony Computer Entertainment Europe Ltd.', '1277')]",3.88,8.6,88,['Action'],['Side view'],['Fighting'],['Direct control'],[],Teen,['UMD'],[],"['Ad Hoc', 'Infrastructure']",1,NG,/
196112,Dwarf Fortress,2022/12/06,"[('Bay 12 Games', '9996')]","[('Jeux Kitfox Inc.', '26207')]",5.0,8.6,90,"['Role-playing (RPG)', 'Simulation', 'Strategy / tactics']",['Top-down'],"['City building / construction simulation', 'Managerial / business simulation']",['Point and select'],['Fantasy'],NG,['Download'],"['Keyboard', 'Mouse']",[],1,NG,/
54684,Sonic CD,2011/12/14,"[('SEGA Enterprises Ltd.', '12')]","[('SEGA of America, Inc.', '2747')]",4.47,8.6,86,['Action'],['Side view'],['Platform'],[],[],Everyone,['Download'],[],[],NG,NG,/
180055,"Total War: Warhammer III"", ""user_score"": null}, {""adult"": false, ""companies"": [{""id"": 12690, ""name"": ""DIGITAL Hearts Co., Ltd."", ""title_id"": 17}, {""id"": 16981, ""name"": ""NOA Product Testing"", ""title_id"": 17}, {""id"": 6034, ""name"": ""Nintendo of America Inc."", ""title_id"": 1}, {""id"": 6042, ""name"": ""Nintendo UK"", ""title_id"": 10}, {""id"": 9948, ""name"": ""8-4, Ltd."", ""title_id"": 11}, {""id"": 14425, ""name"": ""Cup of Tea Productions, Inc."", ""title_id"": 28}, {""id"": 8133, ""name"": ""Edgeworks, Inc."", ""title_id"": 4}, {""id"": 18577, ""name"": ""Madhouse Inc."", ""title_id"": 4}, {""id"": 2724, ""name"": ""Red Entertainment Corporation"", ""title_id"": 4}, {""id"": 12722, ""name"": ""T\u0027s Music Co., Ltd."", ""title_id"": 21}, {""id"": 6063, ""name"": ""Nintendo of Europe GmbH"", ""title_id"": 1}, {""id"": 7243, ""name"": ""Two-Five Ltd."", ""title_id"": 16}, {""id"": 1891, ""name"": ""Nintendo Co., Ltd."", ""title_id"": 1}, {""id"": 15371, ""name"": ""PROGE Inc."", ""title_id"": 14}, {""id"": 2605, ""name"": ""Intelligent Systems Co., Ltd."", ""title_id"": 2}, {""id"": 18386, ""name"": ""Mario Club, Inc."", ""title_id"": 17}, {""id"": 14425, ""name"": ""Cup of Tea Productions, Inc."", ""title_id"": 16}], ""cover"": {""tiny_height"": 136, ""tiny_url"": ""https://cdn.mobygames.com/8f3e98a2-af3a-11ed-86b5-02420a0001ba.webp"", ""tiny_width"": 152}, ""created"": ""2013-08-17"", ""critic_score"": 90, ""game_id"": 61666, ""genres"": [{""id"": 4, ""name"": ""Strategy / tactics""}, {""id"": 50, ""name"": ""Role-playing (RPG)""}, {""id"": 57, ""name"": ""Anime / Manga""}, {""id"": 78, ""name"": ""Fantasy""}, {""id"": 106, ""name"": ""Turn-based""}, {""id"": 124, ""name"": ""War""}, {""id"": 129, ""name"": ""Diagonal-down""}, {""id"": 152, ""name"": ""Tactical RPG""}], ""internal_url"": ""https://www.mobygames.com/game/61666/fire-emblem-awakening/"", ""last_modified"": ""2024-05-29"", ""moby_score"": 8.574505494505495, ""platforms"": [{""critic_score"": 90, ""critic_votes"": 32, ""id"": 101, ""moby_score"": 8.574505494505495, ""name"": ""Nintendo 3DS"", ""release_date"": ""2012",2022/02/17,"[('Creative Assembly Ltd., The', '1477')]","[('SEGA Europe Ltd.', '3967'), ('Feral Interactive Ltd.', '7849')]",3.91,8.6,87,['Strategy / tactics'],['Diagonal-down'],"['Real-time tactics (RTT)', 'Turn-based strategy (TBS)']","['Multiple units/characters control', 'Point and select']",['Fantasy'],NG,[],[],[],NG,NG,/
176849,Uncharted: Digital Bundle,2021/12/07,"[('Naughty Dog, Inc.', '1190')]","[('Sony Interactive Entertainment America LLC', '2334'), ('Sony Interactive Entertainment Europe Ltd.', '1277'), ('Playstation PC LLC', '47447')]",4.67,8.6,90,"['Action', 'Compilation']",['Behind view'],"['Puzzle elements', 'Shooter', 'Stealth']",['Direct control'],[],NG,['Download'],[],[],1,2-10,/
122188,Dragon Quest XI S: Echoes of an Elusive Age - Definitive Edition,2019/09/27,"[('Square Enix Co., Ltd.', '3613'), ('Armor Project', '10029')]","[('Nintendo of America Inc.', '6034'), ('Nintendo of Europe GmbH', '6063'), ('Nintendo Australia Pty., Ltd.', '6035'), ('Square Enix Co., Ltd.', '3613'), ('Square Enix, Inc.', '5152')]",4.14,8.6,92,['Role-playing (RPG)'],['3rd-person (Other)'],"['Action RPG', 'Sandbox / open world']",['Direct control'],['Fantasy'],A,['Download'],"['Joy-Con', 'Nintendo Switch Pro Controller', 'Touch Screen']",[],NG,NG,/
49434,Assassin\u0027s Creed: Brotherhood,2010/11/16,"[('Ubisoft Entertainment Inc.', '3576')]","[('Ubisoft Entertainment SA', '1518'), ('ak tronic Software &amp; Services GmbH', '5837')]",4.14,8.6,89,['Action'],['Behind view'],"['Puzzle elements', 'Stealth']",[],[],Mature,['DVD-ROM'],"['Communicator Headset', 'Microphone']",['Internet'],1,2-8,/
42684,Mario \u0026 Luigi: Bowser\u0027s Inside Story,2009/02/11,"[('AlphaDream Corporation, Ltd.', '4340')]","[('Nintendo Co., Ltd.', '1891')]",4.05,8.6,89,"['Action', 'Role-playing (RPG)']","['Diagonal-down', 'Side view']",['Puzzle elements'],[],[],Everyone,[],"['DS Microphone/Headset', 'Stylus']",[],1,NG,/
39287,Flower,2009/02/12,"[('thatgamecompany, LLC', '10022')]","[('Sony Computer Entertainment Europe Ltd.', '1277'), ('Sony Computer Entertainment America LLC', '2334'), ('Annapurna Games, LLC', '27820')]",4.15,8.6,88,['Action'],['3rd-person (Other)'],[],['Motion control'],[],Everyone,['Download'],[],[],NG,NG,/
67805,Diablo III: Reaper of Souls - Ultimate Evil Edition,2014/08/19,"[('Blizzard Entertainment Inc.', '21')]","[('Blizzard Entertainment Inc.', '21')]",4.31,8.6,90,"['Compilation', 'Role-playing (RPG)']",['Diagonal-down'],['Action RPG'],[],['Fantasy'],16,[],[],[],NG,NG,/
173968,Inscryption,2021/10/19,"[('Daniel Mullins Games Ltd.', '24597')]","[('Devolver Digital, Inc.', '15847')]",4.2,8.6,91,"['Puzzle', 'Strategy / tactics']",['1st-person'],"['Board game', 'Cards / tiles', 'Trading / collectible card', 'Turn-based strategy (TBS)']","['Direct control', 'Point and select']",['Fantasy'],NG,[],[],[],NG,NG,/
16009,The Legend of Zelda: The Minish Cap,2004/11/04,"[('Capcom Co., Ltd.', '3955')]","[('Nintendo Co., Ltd.', '1891')]",4.14,8.6,89,['Action'],['Diagonal-down'],"['Metroidvania', 'Puzzle elements']",['Direct control'],['Fantasy'],Everyone,[],[],[],NG,NG,/
6602,Super Mario World 2: Yoshi\u0027s Island,1995/08/05,"[('Nintendo Co., Ltd.', '1891')]","[('Nintendo Co., Ltd.', '1891')]",4.16,8.6,95,['Action'],['Side view'],['Platform'],[],[],Kids to Adults,[],[],[],NG,NG,/
12679,Super Mario All-Stars + Super Mario World,1994,"[('Nintendo Co., Ltd.', '1891')]","[('Nintendo Co., Ltd.', '1891')]",4.49,8.6,88,['Compilation'],[],[],[],[],NG,[],[],[],NG,NG,/
7525,CTR: Crash Team Racing,1999,"[('Naughty Dog, Inc.', '1190')]","[('Sony Computer Entertainment Europe Ltd.', '1277'), ('Sony Computer Entertainment America Inc.', '2334'), ('Sony Computer Entertainment Inc.', '2482')]",4.21,8.6,90,['Racing / Driving'],['Behind view'],[],['Direct control'],['Fantasy'],Everyone,[],[],['Same/Split-Screen'],NG,NG,/
163431,Returnal,2021/04/30,"[('Housemarque Ltd.', '1434')]","[('Sony Interactive Entertainment America LLC', '2334'), ('Sony Interactive Entertainment Europe Ltd.', '1277'), ('Playstation PC LLC', '47447')]",4.31,8.6,86,['Action'],['Behind view'],"['Roguelike', 'Shooter']",['Direct control'],['Sci-fi / futuristic'],Teen,"['Download', 'UHD Blu-ray Disc']",['Gamepad'],[],1,NG,/
67173,Guacamelee! Super Turbo Championship Edition,2014/07/01,"[('DrinkBox Studios Inc.', '17584')]","[('DrinkBox Studios Inc.', '17584')]",4.44,8.6,88,"['Action', 'Compilation']",['Side view'],"['Metroidvania', 'Platform']",[],[],Everyone 10+,['Download'],[],['Same/Split-Screen'],1-2,NG,/
10751,SSX 3,2003/10/21,"[('Electronic Arts Canada', '2002')]","[('Electronic Arts, Inc.', '2')]",3.86,8.6,90,['Sports'],['Behind view'],['Tricks / stunts'],['Direct control'],[],Everyone,['DVD-ROM'],[],['Same/Split-Screen'],1-2,2,/
7662,Age of Mythology,2002/10/30,"[('Ensemble Studios Corporation', '281')]","[('Microsoft Corporation', '13596'), ('MacSoft', '7850'), ('Ubisoft Entertainment SA', '1518'), ('ak tronic Software &amp; Services GmbH', '5837')]",4.09,8.6,89,['Strategy / tactics'],['Diagonal-down'],['Real-time strategy (RTS)'],"['Multiple units/characters control', 'Point and select']","['Classical antiquity', 'Egypt (Ancient)', 'Europe', 'Fantasy']",Teen,"['CD-ROM', 'DVD-ROM']",['Keyboard'],"['Internet', 'LAN', 'Modem']",1,2-12,/
205088,Ghost Trick: Phantom Detective,2023/06/30,"[('Capcom Co., Ltd.', '3955')]","[('Capcom Co., Ltd.', '3955')]",5.0,8.6,87,['Adventure'],['Side view'],['Puzzle elements'],[],['Fantasy'],12,['Download'],"['Gamepad', 'Keyboard', 'Mouse']",[],1,NG,/
112181,Unavowed,2018/08/08,"[('Wadjet Eye Games LLC', '8880')]","[('Wadjet Eye Games LLC', '8880')]",4.27,8.6,88,['Adventure'],['3rd-person (Other)'],['Graphic adventure'],['Point and select'],"['Fantasy', 'North America']",NG,[],[],[],NG,NG,/
15574,Metroid Prime 2: Echoes,2004/11/15,"[('Retro Studios Inc.', '3261')]","[('Nintendo Co., Ltd.', '1891')]",4.05,8.6,89,['Action'],['1st-person'],"['Metroidvania', 'Shooter']","['Direct control', 'Motion control']",['Sci-fi / futuristic'],Teen,[],[],['Same/Split-Screen'],1-4,NG,/
219115,Unicorn Overlord,2024/03/07,"[('Vanillaware Ltd.', '9703')]","[('Atlus', '6305'), ('SEGA Corporation', '12'), ('SEGA of America, Inc.', '2747')]",4.33,8.6,89,['Role-playing (RPG)'],['Diagonal-down'],['Tactical RPG'],"['Direct control', 'Menu structures']",['Fantasy'],Teen,[],[],[],NG,NG,/
198390,Pizza Tower,2023/01/26,"[('Tour De Pizza', '52951')]","[('Tour De Pizza', '52951')]",5.0,8.6,89,['Action'],['Side view'],['Platform'],['Direct control'],['Fantasy'],NG,[],[],[],NG,NG,/
3909,Gran Turismo,1997/12/23,"[('Polyphony Digital Inc.', '1993')]","[('Sony Computer Entertainment Inc.', '2482'), ('Sony Computer Entertainment Europe Ltd.', '1277'), ('Sony Computer Entertainment America Inc.', '2334')]",4.07,8.6,95,"['Racing / Driving', 'Simulation']","['1st-person', 'Behind view']",[],['Direct control'],[],Everyone,[],[],['Same/Split-Screen'],1-2,NG,/
81684,Forza Horizon 3,2016/09/27,"[('Playground Games Ltd', '17663')]","[('Microsoft Corporation', '13596')]",4.71,8.6,88,['Racing / Driving'],"['1st-person', 'Behind view']",[],[],['Oceania'],NG,[],"['Keyboard', 'Mouse']",['Internet'],1,2-12,/
